customer_id,not_churning_proba,churning_proba,predictions
9778-OGKQZ,0.9837662337662337,0.016233766233766232,0
9251-WNSOD,0.9837662337662337,0.016233766233766232,0
7044-YAACC,0.36363636363636365,0.6363636363636364,1
9239-GZHZE,0.8709677419354839,0.12903225806451613,0
9003-CPATH,0.6191860465116279,0.3808139534883721,0
3223-WZWJM,0.6191860465116279,0.3808139534883721,0
6416-JNVRK,0.9837662337662337,0.016233766233766232,0
7239-HZZCX,0.5906432748538012,0.4093567251461988,0
0661-KBKPA,0.9837662337662337,0.016233766233766232,0
6086-ESGRL,0.1206896551724138,0.8793103448275862,1
6013-BHCAW,0.9837662337662337,0.016233766233766232,0
2054-PJOCK,0.9837662337662337,0.016233766233766232,0
5118-MUEYH,0.6191860465116279,0.3808139534883721,0
0840-DFEZH,0.36363636363636365,0.6363636363636364,1
5245-VDBUR,0.9837662337662337,0.016233766233766232,0
6656-GULJQ,0.9837662337662337,0.016233766233766232,0
5868-YWPDW,0.36363636363636365,0.6363636363636364,1
2676-SSLTO,0.9837662337662337,0.016233766233766232,0
8201-AAXCB,0.8892307692307693,0.11076923076923077,0
2533-QVMSK,0.8709677419354839,0.12903225806451613,0
8404-GFGCZ,0.5906432748538012,0.4093567251461988,0
9661-ACXBS,0.6191860465116279,0.3808139534883721,0
7577-SWIFR,0.1206896551724138,0.8793103448275862,1
5820-PTRYM,0.9837662337662337,0.016233766233766232,0
7168-HDQHG,0.8892307692307693,0.11076923076923077,0
7156-MXBJE,0.8892307692307693,0.11076923076923077,0
4307-KTUMW,0.6191860465116279,0.3808139534883721,0
8950-MTZNV,0.5906432748538012,0.4093567251461988,0
4029-HPFVY,0.36363636363636365,0.6363636363636364,1
4640-UHDOS,0.8807339449541285,0.11926605504587157,0
3363-EWLGO,0.5906432748538012,0.4093567251461988,0
5457-COLHT,0.9837662337662337,0.016233766233766232,0
0811-GSDTP,0.8807339449541285,0.11926605504587157,0
6253-WRFHY,0.8807339449541285,0.11926605504587157,0
4690-PKDQG,0.6191860465116279,0.3808139534883721,0
1121-QSIVB,0.8892307692307693,0.11076923076923077,0
8725-JEDFD,0.6191860465116279,0.3808139534883721,0
4360-PNRQB,0.6191860465116279,0.3808139534883721,0
9332-GYWLO,0.8807339449541285,0.11926605504587157,0
8272-ONJLV,0.36363636363636365,0.6363636363636364,1
8671-KKKOS,0.9837662337662337,0.016233766233766232,0
3473-XIIIT,0.6191860465116279,0.3808139534883721,0
9838-BFCQT,0.9837662337662337,0.016233766233766232,0
9208-OLGAQ,0.6191860465116279,0.3808139534883721,0
8022-BECSI,0.8892307692307693,0.11076923076923077,0
7408-OFWXJ,0.9837662337662337,0.016233766233766232,0
6402-ZFPPI,0.6191860465116279,0.3808139534883721,0
9948-YPTDG,0.6191860465116279,0.3808139534883721,0
9418-RUKPH,0.8892307692307693,0.11076923076923077,0
1248-DYXUB,0.9837662337662337,0.016233766233766232,0
2272-WUSPA,0.8709677419354839,0.12903225806451613,0
5286-YHCVC,0.8709677419354839,0.12903225806451613,0
0628-CNQRM,0.8892307692307693,0.11076923076923077,0
8969-PRHFK,0.8892307692307693,0.11076923076923077,0
4817-QRJSX,0.36363636363636365,0.6363636363636364,1
4700-UBQMV,0.8892307692307693,0.11076923076923077,0
4719-UMSIY,0.8807339449541285,0.11926605504587157,0
3537-RYBHH,0.9837662337662337,0.016233766233766232,0
4884-ZTHVF,0.36363636363636365,0.6363636363636364,1
4213-HKBJO,0.8892307692307693,0.11076923076923077,0
9242-TKFSV,0.9837662337662337,0.016233766233766232,0
9541-ZPSEA,0.8709677419354839,0.12903225806451613,0
3389-YGYAI,0.36363636363636365,0.6363636363636364,1
6476-YHMGA,0.8892307692307693,0.11076923076923077,0
1837-YQUCE,0.9837662337662337,0.016233766233766232,0
0311-UNPFF,0.6191860465116279,0.3808139534883721,0
2360-RDGRO,0.8709677419354839,0.12903225806451613,0
7602-MVRMB,0.8709677419354839,0.12903225806451613,0
3669-LVWZB,0.5906432748538012,0.4093567251461988,0
8982-NHAVY,0.6191860465116279,0.3808139534883721,0
6810-VCAEX,0.9837662337662337,0.016233766233766232,0
5127-BZENZ,0.9837662337662337,0.016233766233766232,0
3617-XLSGQ,0.8709677419354839,0.12903225806451613,0
7833-PKIHD,0.9837662337662337,0.016233766233766232,0
2604-XVDAM,0.8807339449541285,0.11926605504587157,0
6778-EICRF,0.8892307692307693,0.11076923076923077,0
3099-OONVS,0.8892307692307693,0.11076923076923077,0
7693-LCKZL,0.36363636363636365,0.6363636363636364,1
1104-FEJAM,0.8892307692307693,0.11076923076923077,0
4831-EOBFE,0.6191860465116279,0.3808139534883721,0
4854-SSLTN,0.5906432748538012,0.4093567251461988,0
3932-IJWDZ,0.6191860465116279,0.3808139534883721,0
3705-RHRFR,0.8709677419354839,0.12903225806451613,0
9950-MTGYX,0.8892307692307693,0.11076923076923077,0
6380-ARCEH,0.5906432748538012,0.4093567251461988,0
5443-SCMKX,0.8709677419354839,0.12903225806451613,0
3178-FESZO,0.1206896551724138,0.8793103448275862,1
1842-EZJMK,0.6191860465116279,0.3808139534883721,0
8316-BBQAY,0.9837662337662337,0.016233766233766232,0
0354-VXMJC,0.8892307692307693,0.11076923076923077,0
9522-BNTHX,0.8892307692307693,0.11076923076923077,0
6734-JDTTV,0.9837662337662337,0.016233766233766232,0
6641-XRPSU,0.6191860465116279,0.3808139534883721,0
5180-UCIIQ,0.8892307692307693,0.11076923076923077,0
8160-HOWOX,0.8807339449541285,0.11926605504587157,0
0655-YDGFJ,0.8892307692307693,0.11076923076923077,0
4433-JCGCG,0.6191860465116279,0.3808139534883721,0
5934-RMPOV,0.6191860465116279,0.3808139534883721,0
8060-HIWJJ,0.9837662337662337,0.016233766233766232,0
4948-WBBKL,0.6191860465116279,0.3808139534883721,0
2040-XBAVJ,0.8709677419354839,0.12903225806451613,0
7242-EDTYC,0.8892307692307693,0.11076923076923077,0
7527-QNRUS,0.8892307692307693,0.11076923076923077,0
4585-HETAI,0.36363636363636365,0.6363636363636364,1
8630-QSGXK,0.9837662337662337,0.016233766233766232,0
0885-HMGPY,0.9837662337662337,0.016233766233766232,0
7978-DKUQH,0.6191860465116279,0.3808139534883721,0
2616-FLVQC,0.9837662337662337,0.016233766233766232,0
8903-WMRNW,0.6191860465116279,0.3808139534883721,0
5312-UXESG,0.6191860465116279,0.3808139534883721,0
7688-AWMDX,0.9837662337662337,0.016233766233766232,0
4248-HCETZ,0.6191860465116279,0.3808139534883721,0
6633-SYEUS,0.6191860465116279,0.3808139534883721,0
5519-TEEUH,0.8892307692307693,0.11076923076923077,0
3327-YBAKM,0.8709677419354839,0.12903225806451613,0
7252-NTGSS,0.5906432748538012,0.4093567251461988,0
1567-DSCIC,0.36363636363636365,0.6363636363636364,1
5318-IXUZF,0.36363636363636365,0.6363636363636364,1
0970-ETWGE,0.1206896551724138,0.8793103448275862,1
0089-IIQKO,0.6191860465116279,0.3808139534883721,0
4020-KIUDI,0.8807339449541285,0.11926605504587157,0
9447-YPTBX,0.9837662337662337,0.016233766233766232,0
1685-VAYJF,0.8807339449541285,0.11926605504587157,0
7927-AUXBZ,0.6191860465116279,0.3808139534883721,0
4644-PIZRT,0.8892307692307693,0.11076923076923077,0
8405-IGQFX,0.8709677419354839,0.12903225806451613,0
2990-HWIML,0.36363636363636365,0.6363636363636364,1
8780-IXSTS,0.36363636363636365,0.6363636363636364,1
0565-IYCGT,0.9837662337662337,0.016233766233766232,0
0384-LPITE,0.8892307692307693,0.11076923076923077,0
0947-IDHRQ,0.36363636363636365,0.6363636363636364,1
4255-DDUOU,0.5906432748538012,0.4093567251461988,0
1543-LLLFT,0.8709677419354839,0.12903225806451613,0
1066-JKSGK,0.5906432748538012,0.4093567251461988,0
8778-LMWTJ,0.36363636363636365,0.6363636363636364,1
9629-NHXFW,0.5906432748538012,0.4093567251461988,0
4129-LYCOI,0.8709677419354839,0.12903225806451613,0
2826-UWHIS,0.6191860465116279,0.3808139534883721,0
0870-VEMYL,0.5906432748538012,0.4093567251461988,0
5423-BHIXO,0.8892307692307693,0.11076923076923077,0
9944-HKVVB,0.36363636363636365,0.6363636363636364,1
1496-GGSUK,0.5906432748538012,0.4093567251461988,0
0795-XCCTE,0.9837662337662337,0.016233766233766232,0
8859-AXJZP,0.8892307692307693,0.11076923076923077,0
3097-FQTVJ,0.8892307692307693,0.11076923076923077,0
5566-SOEZD,0.6191860465116279,0.3808139534883721,0
8085-MSNLK,0.8709677419354839,0.12903225806451613,0
6969-MVBAI,0.36363636363636365,0.6363636363636364,1
8706-HRADD,0.8892307692307693,0.11076923076923077,0
5792-JALQC,0.9837662337662337,0.016233766233766232,0
7356-IWLFW,0.6191860465116279,0.3808139534883721,0
3814-MLAXC,0.6191860465116279,0.3808139534883721,0
9139-WQQDY,0.6191860465116279,0.3808139534883721,0
0410-IPFTY,0.6191860465116279,0.3808139534883721,0
5951-AOFIH,0.8892307692307693,0.11076923076923077,0
0234-TEVTT,0.9837662337662337,0.016233766233766232,0
4006-HKYHO,0.9837662337662337,0.016233766233766232,0
5651-CPDND,0.8807339449541285,0.11926605504587157,0
5542-TBBWB,0.1206896551724138,0.8793103448275862,1
6416-TVAIH,0.1206896551724138,0.8793103448275862,1
8098-TDCBU,0.8892307692307693,0.11076923076923077,0
8079-XRJRS,0.8709677419354839,0.12903225806451613,0
2710-WYVXG,0.5906432748538012,0.4093567251461988,0
7251-LJBQN,0.6191860465116279,0.3808139534883721,0
5402-HTOTQ,0.8892307692307693,0.11076923076923077,0
0117-LFRMW,0.8892307692307693,0.11076923076923077,0
0219-QAERP,0.8892307692307693,0.11076923076923077,0
3224-DFQNQ,0.8709677419354839,0.12903225806451613,0
9975-SKRNR,0.5906432748538012,0.4093567251461988,0
1345-ZUKID,0.8892307692307693,0.11076923076923077,0
3717-OEAUQ,0.36363636363636365,0.6363636363636364,1
2904-GGUAZ,0.8709677419354839,0.12903225806451613,0
2055-PDADH,0.36363636363636365,0.6363636363636364,1
0511-JTEOY,0.1206896551724138,0.8793103448275862,1
5242-UOWHD,0.8892307692307693,0.11076923076923077,0
2180-DXNEG,0.36363636363636365,0.6363636363636364,1
1845-ZLLIG,0.5906432748538012,0.4093567251461988,0
7268-IGMFD,0.6191860465116279,0.3808139534883721,0
6563-VNPMN,0.6191860465116279,0.3808139534883721,0
1746-TGTWV,0.1206896551724138,0.8793103448275862,1
9699-UBQFS,0.6191860465116279,0.3808139534883721,0
2683-BPJSO,0.6191860465116279,0.3808139534883721,0
0377-JBKKT,0.8892307692307693,0.11076923076923077,0
0379-DJQHR,0.9837662337662337,0.016233766233766232,0
1376-HHBDV,0.8892307692307693,0.11076923076923077,0
1116-DXXDF,0.6191860465116279,0.3808139534883721,0
5701-GUXDC,0.8892307692307693,0.11076923076923077,0
5480-TBGPH,0.6191860465116279,0.3808139534883721,0
7233-IOQNP,0.8892307692307693,0.11076923076923077,0
4992-LTJNE,0.9837662337662337,0.016233766233766232,0
5955-ERIHD,0.6191860465116279,0.3808139534883721,0
4472-VESGY,0.6191860465116279,0.3808139534883721,0
3026-ATZYV,0.8892307692307693,0.11076923076923077,0
6952-OMNWB,0.8709677419354839,0.12903225806451613,0
4816-OKWNX,0.6191860465116279,0.3808139534883721,0
9076-AXYIK,0.8709677419354839,0.12903225806451613,0
4855-SNKMY,0.5906432748538012,0.4093567251461988,0
8016-ZMGMO,0.9837662337662337,0.016233766233766232,0
4710-FDUIZ,0.8709677419354839,0.12903225806451613,0
7246-ZGQDF,0.5906432748538012,0.4093567251461988,0
0330-BGYZE,0.8709677419354839,0.12903225806451613,0
1678-FYZOW,0.36363636363636365,0.6363636363636364,1
0674-EYYZV,0.5906432748538012,0.4093567251461988,0
5914-DVBWJ,0.6191860465116279,0.3808139534883721,0
2190-PHBHR,0.8709677419354839,0.12903225806451613,0
6261-RCVNS,0.8892307692307693,0.11076923076923077,0
6584-VQMYT,0.8892307692307693,0.11076923076923077,0
2239-CGBUZ,0.9837662337662337,0.016233766233766232,0
8183-ONMXC,0.36363636363636365,0.6363636363636364,1
9138-EFSMO,0.6191860465116279,0.3808139534883721,0
7248-VZQLC,0.6191860465116279,0.3808139534883721,0
1133-KXCGE,0.8892307692307693,0.11076923076923077,0
8276-MQBYC,0.6191860465116279,0.3808139534883721,0
9281-PKKZE,0.9837662337662337,0.016233766233766232,0
7009-LGECI,0.5906432748538012,0.4093567251461988,0
5028-GZLDO,0.36363636363636365,0.6363636363636364,1
6223-DHJGV,0.8892307692307693,0.11076923076923077,0
9847-HNVGP,0.8892307692307693,0.11076923076923077,0
6166-ILMNY,0.36363636363636365,0.6363636363636364,1
0215-BQKGS,0.6191860465116279,0.3808139534883721,0
0139-IVFJG,0.36363636363636365,0.6363636363636364,1
3280-MRDOF,0.8892307692307693,0.11076923076923077,0
7547-EKNFS,0.6191860465116279,0.3808139534883721,0
6296-DDOOR,0.8892307692307693,0.11076923076923077,0
5651-YLPRD,0.6191860465116279,0.3808139534883721,0
9953-ZMKSM,0.9837662337662337,0.016233766233766232,0
7929-SKFGK,0.8709677419354839,0.12903225806451613,0
2081-VEYEH,0.36363636363636365,0.6363636363636364,1
8313-NDOIA,0.6191860465116279,0.3808139534883721,0
4566-NECEV,0.36363636363636365,0.6363636363636364,1
1374-DMZUI,0.36363636363636365,0.6363636363636364,1
1977-STDKI,0.1206896551724138,0.8793103448275862,1
4628-WQCQQ,0.6191860465116279,0.3808139534883721,0
1142-IHLOO,0.6191860465116279,0.3808139534883721,0
2928-HLDBA,0.8807339449541285,0.11926605504587157,0
9313-QOLTZ,0.8892307692307693,0.11076923076923077,0
2027-OAQQC,0.8892307692307693,0.11076923076923077,0
4718-WXBGI,0.9837662337662337,0.016233766233766232,0
4647-MUZON,0.6191860465116279,0.3808139534883721,0
0270-THENM,0.9837662337662337,0.016233766233766232,0
3662-FXJFO,0.9837662337662337,0.016233766233766232,0
2272-JKMSI,0.8709677419354839,0.12903225806451613,0
0123-CRBRT,0.9837662337662337,0.016233766233766232,0
7943-RQCHR,0.36363636363636365,0.6363636363636364,1
6115-ZTBFQ,0.9837662337662337,0.016233766233766232,0
4726-DLWQN,0.9837662337662337,0.016233766233766232,0
2782-LFZVW,0.8807339449541285,0.11926605504587157,0
2362-IBOOY,0.6191860465116279,0.3808139534883721,0
7956-XQWGU,0.8892307692307693,0.11076923076923077,0
6729-GDNGC,0.6191860465116279,0.3808139534883721,0
5590-ZSKRV,0.8807339449541285,0.11926605504587157,0
1552-AAGRX,0.6191860465116279,0.3808139534883721,0
2823-LKABH,0.6191860465116279,0.3808139534883721,0
6713-OKOMC,0.8807339449541285,0.11926605504587157,0
0397-GZBBC,0.8709677419354839,0.12903225806451613,0
1498-NHTLT,0.9837662337662337,0.016233766233766232,0
0406-BPDVR,0.6191860465116279,0.3808139534883721,0
8277-RVRSV,0.8892307692307693,0.11076923076923077,0
0052-YNYOT,0.9837662337662337,0.016233766233766232,0
2207-OBZNX,0.8807339449541285,0.11926605504587157,0
9992-UJOEL,0.5906432748538012,0.4093567251461988,0
3146-MSEGF,0.9837662337662337,0.016233766233766232,0
5756-JYOJT,0.8807339449541285,0.11926605504587157,0
0899-WZRSD,0.8709677419354839,0.12903225806451613,0
8292-FRFZQ,0.8892307692307693,0.11076923076923077,0
2523-EWWZL,0.6191860465116279,0.3808139534883721,0
0222-CNVPT,0.9837662337662337,0.016233766233766232,0
9227-YBAXE,0.9837662337662337,0.016233766233766232,0
8328-SKJNO,0.8892307692307693,0.11076923076923077,0
7363-QTBIW,0.36363636363636365,0.6363636363636364,1
6217-TOWGS,0.8892307692307693,0.11076923076923077,0
6637-KYRCV,0.5906432748538012,0.4093567251461988,0
5232-NXPAY,0.9837662337662337,0.016233766233766232,0
6248-BSHKG,0.9837662337662337,0.016233766233766232,0
9497-QCMMS,0.1206896551724138,0.8793103448275862,1
2800-QQUSO,0.6191860465116279,0.3808139534883721,0
2599-CIPQE,0.8709677419354839,0.12903225806451613,0
5949-EBSQK,0.5906432748538012,0.4093567251461988,0
6196-HBOBZ,0.8709677419354839,0.12903225806451613,0
4124-MMETB,0.6191860465116279,0.3808139534883721,0
9909-IDLEK,0.6191860465116279,0.3808139534883721,0
2545-EBUPK,0.36363636363636365,0.6363636363636364,1
2037-SGXHH,0.6191860465116279,0.3808139534883721,0
4693-VWVBO,0.5906432748538012,0.4093567251461988,0
6776-TLWOI,0.5906432748538012,0.4093567251461988,0
2187-PKZAY,0.36363636363636365,0.6363636363636364,1
4514-GFCFI,0.6191860465116279,0.3808139534883721,0
8393-DLHGA,0.6191860465116279,0.3808139534883721,0
4138-NAXED,0.6191860465116279,0.3808139534883721,0
8670-ERCJH,0.8709677419354839,0.12903225806451613,0
1016-DJTSV,0.36363636363636365,0.6363636363636364,1
7815-PDTHL,0.8892307692307693,0.11076923076923077,0
8034-RYTVV,0.6191860465116279,0.3808139534883721,0
9199-PWQVC,0.9837662337662337,0.016233766233766232,0
3902-FOIGH,0.36363636363636365,0.6363636363636364,1
0840-DCNZE,0.9837662337662337,0.016233766233766232,0
3803-KMQFW,0.5906432748538012,0.4093567251461988,0
1627-AFWVJ,0.8892307692307693,0.11076923076923077,0
9904-EHEVJ,0.6191860465116279,0.3808139534883721,0
2393-DIVAI,0.5906432748538012,0.4093567251461988,0
0107-WESLM,0.5906432748538012,0.4093567251461988,0
8680-CGLTP,0.8892307692307693,0.11076923076923077,0
6905-NIQIN,0.5906432748538012,0.4093567251461988,0
5913-INRQV,0.6191860465116279,0.3808139534883721,0
1535-VTJOQ,0.8892307692307693,0.11076923076923077,0
6778-YSNIH,0.5906432748538012,0.4093567251461988,0
2883-ILGWO,0.8709677419354839,0.12903225806451613,0
0195-IESCP,0.36363636363636365,0.6363636363636364,1
8844-TONUD,0.36363636363636365,0.6363636363636364,1
9821-BESNZ,0.8709677419354839,0.12903225806451613,0
7682-AZNDK,0.6191860465116279,0.3808139534883721,0
1708-PBBOA,0.8892307692307693,0.11076923076923077,0
3863-QSTYI,0.9837662337662337,0.016233766233766232,0
4237-RLAQD,0.5906432748538012,0.4093567251461988,0
0168-XZKBB,0.6191860465116279,0.3808139534883721,0
9048-JVYVF,0.5906432748538012,0.4093567251461988,0
8065-YKXKD,0.36363636363636365,0.6363636363636364,1
8601-QACRS,0.5906432748538012,0.4093567251461988,0
9450-TRJUU,0.6191860465116279,0.3808139534883721,0
3938-YFPXD,0.9837662337662337,0.016233766233766232,0
3458-IDMFK,0.8892307692307693,0.11076923076923077,0
3315-IKYZQ,0.8892307692307693,0.11076923076923077,0
4009-ALQFH,0.6191860465116279,0.3808139534883721,0
6728-DKUCO,0.8709677419354839,0.12903225806451613,0
3902-MIVLE,0.9837662337662337,0.016233766233766232,0
0999-QXNSA,0.8807339449541285,0.11926605504587157,0
1134-YWTYF,0.8892307692307693,0.11076923076923077,0
5202-IVJNU,0.8892307692307693,0.11076923076923077,0
9606-PBKBQ,0.6191860465116279,0.3808139534883721,0
2005-DWQZJ,0.8807339449541285,0.11926605504587157,0
1087-GRUYI,0.8892307692307693,0.11076923076923077,0
5022-KVDQT,0.6191860465116279,0.3808139534883721,0
9830-ECLEN,0.9837662337662337,0.016233766233766232,0
4541-RMRLG,0.8807339449541285,0.11926605504587157,0
0230-UBYPQ,0.9837662337662337,0.016233766233766232,0
5868-YTYKS,0.5906432748538012,0.4093567251461988,0
1950-KSVVJ,0.6191860465116279,0.3808139534883721,0
3957-SQXML,0.8892307692307693,0.11076923076923077,0
4808-YNLEU,0.8892307692307693,0.11076923076923077,0
3714-XPXBW,0.8892307692307693,0.11076923076923077,0
2157-MXBJS,0.8807339449541285,0.11926605504587157,0
9121-PHQSR,0.6191860465116279,0.3808139534883721,0
2951-QOQTK,0.36363636363636365,0.6363636363636364,1
0491-KAPQG,0.6191860465116279,0.3808139534883721,0
1768-HNVGJ,0.8892307692307693,0.11076923076923077,0
4404-HIBDJ,0.8892307692307693,0.11076923076923077,0
5119-KEPFY,0.6191860465116279,0.3808139534883721,0
0829-DDVLK,0.8892307692307693,0.11076923076923077,0
5071-FBJFS,0.5906432748538012,0.4093567251461988,0
9505-SQFSW,0.5906432748538012,0.4093567251461988,0
4342-HENTK,0.36363636363636365,0.6363636363636364,1
4724-WXVWF,0.6191860465116279,0.3808139534883721,0
4660-IRIBM,0.6191860465116279,0.3808139534883721,0
1064-FBXNK,0.5906432748538012,0.4093567251461988,0
1216-BGTSP,0.6191860465116279,0.3808139534883721,0
5825-XJOCM,0.9837662337662337,0.016233766233766232,0
2832-SCUCO,0.5906432748538012,0.4093567251461988,0
6725-TPKJO,0.8892307692307693,0.11076923076923077,0
1139-WUOAH,0.9837662337662337,0.016233766233766232,0
3777-XROBG,0.9837662337662337,0.016233766233766232,0
7055-HNEOJ,0.5906432748538012,0.4093567251461988,0
2122-SZZZD,0.8892307692307693,0.11076923076923077,0
1729-VLAZJ,0.8807339449541285,0.11926605504587157,0
4098-NAUKP,0.8709677419354839,0.12903225806451613,0
6698-OXETB,0.8807339449541285,0.11926605504587157,0
0943-ZQPXH,0.6191860465116279,0.3808139534883721,0
4751-ERMAN,0.9837662337662337,0.016233766233766232,0
1541-ETJZO,0.5906432748538012,0.4093567251461988,0
4183-WCSEP,0.6191860465116279,0.3808139534883721,0
0975-UYDTX,0.8892307692307693,0.11076923076923077,0
4712-UYOOI,0.8892307692307693,0.11076923076923077,0
1498-DQNRX,0.8892307692307693,0.11076923076923077,0
8510-AWCXC,0.36363636363636365,0.6363636363636364,1
4316-XCSLJ,0.8892307692307693,0.11076923076923077,0
9114-DPSIA,0.9837662337662337,0.016233766233766232,0
3120-FAZKD,0.9837662337662337,0.016233766233766232,0
9814-AOUDH,0.9837662337662337,0.016233766233766232,0
7638-QVMVY,0.36363636363636365,0.6363636363636364,1
7302-ZHMHP,0.5906432748538012,0.4093567251461988,0
3085-QUOZK,0.5906432748538012,0.4093567251461988,0
6476-EPYZR,0.8807339449541285,0.11926605504587157,0
5320-BRKGK,0.9837662337662337,0.016233766233766232,0
0746-JTRFU,0.5906432748538012,0.4093567251461988,0
4827-DPADN,0.9837662337662337,0.016233766233766232,0
2887-JPYLU,0.8892307692307693,0.11076923076923077,0
9631-XEYKE,0.5906432748538012,0.4093567251461988,0
4981-FLTMF,0.9837662337662337,0.016233766233766232,0
8070-AAWZP,0.8892307692307693,0.11076923076923077,0
3424-NMNBO,0.8709677419354839,0.12903225806451613,0
8465-SBRXP,0.6191860465116279,0.3808139534883721,0
3096-IZETN,0.36363636363636365,0.6363636363636364,1
1891-UAWWU,0.6191860465116279,0.3808139534883721,0
9070-BCKQP,0.8709677419354839,0.12903225806451613,0
5915-ANOEI,0.9837662337662337,0.016233766233766232,0
9050-IKDZA,0.36363636363636365,0.6363636363636364,1
4007-NHVHI,0.8709677419354839,0.12903225806451613,0
7501-VTYLJ,0.5906432748538012,0.4093567251461988,0
1131-QQZEB,0.9837662337662337,0.016233766233766232,0
5366-IJEQJ,0.6191860465116279,0.3808139534883721,0
1841-YSJGV,0.8709677419354839,0.12903225806451613,0
3627-FCRDW,0.36363636363636365,0.6363636363636364,1
0772-GYEQQ,0.36363636363636365,0.6363636363636364,1
8752-STIVR,0.36363636363636365,0.6363636363636364,1
4937-QPZPO,0.8709677419354839,0.12903225806451613,0
9959-WOFKT,0.8709677419354839,0.12903225806451613,0
8901-UPRHR,0.8709677419354839,0.12903225806451613,0
9420-LOJKX,0.6191860465116279,0.3808139534883721,0
9495-REDIY,0.8892307692307693,0.11076923076923077,0
7267-FRMJW,0.8892307692307693,0.11076923076923077,0
1845-CSBRZ,0.6191860465116279,0.3808139534883721,0
4910-GMJOT,0.1206896551724138,0.8793103448275862,1
0620-DLSLK,0.36363636363636365,0.6363636363636364,1
2862-PFNIK,0.5906432748538012,0.4093567251461988,0
9360-OMDZZ,0.6191860465116279,0.3808139534883721,0
6257-RJOHI,0.5906432748538012,0.4093567251461988,0
9962-BFPDU,0.5906432748538012,0.4093567251461988,0
6581-NQCBA,0.8892307692307693,0.11076923076923077,0
8932-CZHRQ,0.9837662337662337,0.016233766233766232,0
8314-DPQHL,0.8807339449541285,0.11926605504587157,0
8197-BFWVU,0.9837662337662337,0.016233766233766232,0
4355-HBJHH,0.9837662337662337,0.016233766233766232,0
1090-PYKCI,0.8709677419354839,0.12903225806451613,0
4546-FOKWR,0.6191860465116279,0.3808139534883721,0
8348-HFYIV,0.5906432748538012,0.4093567251461988,0
7153-OANIO,0.1206896551724138,0.8793103448275862,1
2178-PMGCJ,0.6191860465116279,0.3808139534883721,0
3623-FQBOX,0.8892307692307693,0.11076923076923077,0
4830-FAXFM,0.8892307692307693,0.11076923076923077,0
8566-YPRGL,0.5906432748538012,0.4093567251461988,0
6177-PEVRA,0.9837662337662337,0.016233766233766232,0
1465-VINDH,0.36363636363636365,0.6363636363636364,1
9170-CCKOU,0.6191860465116279,0.3808139534883721,0
5134-IKDAY,0.1206896551724138,0.8793103448275862,1
2000-MPKCA,0.8709677419354839,0.12903225806451613,0
2511-MORQY,0.9837662337662337,0.016233766233766232,0
8896-RAZCR,0.8892307692307693,0.11076923076923077,0
0264-CNITK,0.9837662337662337,0.016233766233766232,0
6317-YPKDH,0.5906432748538012,0.4093567251461988,0
3537-HPKQT,0.6191860465116279,0.3808139534883721,0
4495-LHSSK,0.8892307692307693,0.11076923076923077,0
0135-NMXAP,0.36363636363636365,0.6363636363636364,1
2667-WYLWJ,0.8807339449541285,0.11926605504587157,0
2858-MOFSQ,0.8892307692307693,0.11076923076923077,0
9938-EKRGF,0.8892307692307693,0.11076923076923077,0
6100-QQHEB,0.6191860465116279,0.3808139534883721,0
3084-DOWLE,0.9837662337662337,0.016233766233766232,0
9833-TGFHX,0.6191860465116279,0.3808139534883721,0
7541-YLXCL,0.8892307692307693,0.11076923076923077,0
3716-BDVDB,0.1206896551724138,0.8793103448275862,1
8207-VVMYB,0.9837662337662337,0.016233766233766232,0
9112-WSNPU,0.6191860465116279,0.3808139534883721,0
0742-LAFQK,0.8709677419354839,0.12903225806451613,0
2673-CXQEU,0.8709677419354839,0.12903225806451613,0
5848-FHRFC,0.9837662337662337,0.016233766233766232,0
9127-QRZMH,0.8892307692307693,0.11076923076923077,0
7349-ALMUX,0.8892307692307693,0.11076923076923077,0
9574-RKJIF,0.6191860465116279,0.3808139534883721,0
4661-NJEUX,0.5906432748538012,0.4093567251461988,0
9412-GHEEC,0.6191860465116279,0.3808139534883721,0
9084-OAYKL,0.9837662337662337,0.016233766233766232,0
9430-FRQOC,0.36363636363636365,0.6363636363636364,1
5220-AGAAX,0.9837662337662337,0.016233766233766232,0
6103-LIANB,0.8709677419354839,0.12903225806451613,0
5136-KCKGI,0.6191860465116279,0.3808139534883721,0
1260-TTRXI,0.5906432748538012,0.4093567251461988,0
0320-DWVTU,0.6191860465116279,0.3808139534883721,0
3413-DHLPB,0.8709677419354839,0.12903225806451613,0
6502-KUGLL,0.8892307692307693,0.11076923076923077,0
7941-RCJOW,0.9837662337662337,0.016233766233766232,0
2804-ETQDK,0.9837662337662337,0.016233766233766232,0
7572-KPVKK,0.8709677419354839,0.12903225806451613,0
6804-GDMOI,0.8709677419354839,0.12903225806451613,0
5135-RDDQL,0.9837662337662337,0.016233766233766232,0
4079-ULGFR,0.8892307692307693,0.11076923076923077,0
3247-ZVOUO,0.36363636363636365,0.6363636363636364,1
3195-TQDZX,0.5906432748538012,0.4093567251461988,0
1099-GODLO,0.5906432748538012,0.4093567251461988,0
8402-OOOHJ,0.8892307692307693,0.11076923076923077,0
1208-NBVFH,0.8892307692307693,0.11076923076923077,0
8883-GRDWQ,0.8892307692307693,0.11076923076923077,0
1031-IIDEO,0.1206896551724138,0.8793103448275862,1
1469-LBJQJ,0.8709677419354839,0.12903225806451613,0
8707-RMEZH,0.8709677419354839,0.12903225806451613,0
7274-CGTOD,0.9837662337662337,0.016233766233766232,0
4913-EHYUI,0.8709677419354839,0.12903225806451613,0
4770-UEZOX,0.36363636363636365,0.6363636363636364,1
5982-FPVQN,0.6191860465116279,0.3808139534883721,0
9565-DJPIB,0.36363636363636365,0.6363636363636364,1
7812-FZHPE,0.8892307692307693,0.11076923076923077,0
2568-BRGYX,0.36363636363636365,0.6363636363636364,1
9746-YKGXB,0.9837662337662337,0.016233766233766232,0
8822-KNBHV,0.9837662337662337,0.016233766233766232,0
7216-KAOID,0.8892307692307693,0.11076923076923077,0
3884-HCSWG,0.6191860465116279,0.3808139534883721,0
4178-EGMON,0.8709677419354839,0.12903225806451613,0
6244-BESBM,0.8709677419354839,0.12903225806451613,0
1849-RJYIG,0.8807339449541285,0.11926605504587157,0
4587-VVTOX,0.36363636363636365,0.6363636363636364,1
0516-WJVXC,0.5906432748538012,0.4093567251461988,0
0277-BKSQP,0.8807339449541285,0.11926605504587157,0
7112-OPOTK,0.6191860465116279,0.3808139534883721,0
2761-OCIAX,0.36363636363636365,0.6363636363636364,1
5003-XZWWO,0.9837662337662337,0.016233766233766232,0
6137-MFAJN,0.9837662337662337,0.016233766233766232,0
8718-PTMEZ,0.8807339449541285,0.11926605504587157,0
4646-QZXTF,0.8807339449541285,0.11926605504587157,0
3211-ILJTT,0.6191860465116279,0.3808139534883721,0
5110-CHOPY,0.9837662337662337,0.016233766233766232,0
1122-JWTJW,0.1206896551724138,0.8793103448275862,1
4109-CYRBD,0.8892307692307693,0.11076923076923077,0
2753-JMMCV,0.9837662337662337,0.016233766233766232,0
4220-TINQT,0.8709677419354839,0.12903225806451613,0
0813-TAXXS,0.9837662337662337,0.016233766233766232,0
8010-EZLOU,0.6191860465116279,0.3808139534883721,0
8229-BUJHX,0.9837662337662337,0.016233766233766232,0
6892-XPFPU,0.6191860465116279,0.3808139534883721,0
4295-YURET,0.9837662337662337,0.016233766233766232,0
6838-YAUVY,0.6191860465116279,0.3808139534883721,0
0795-GMVQO,0.8709677419354839,0.12903225806451613,0
3131-NWVFJ,0.8892307692307693,0.11076923076923077,0
8384-FZBJK,0.8709677419354839,0.12903225806451613,0
4683-WYDOU,0.8709677419354839,0.12903225806451613,0
5945-AZYHT,0.8709677419354839,0.12903225806451613,0
5049-GLYVG,0.5906432748538012,0.4093567251461988,0
7094-MSZAO,0.8807339449541285,0.11926605504587157,0
7266-GSSJX,0.8807339449541285,0.11926605504587157,0
8267-ZNYVZ,0.6191860465116279,0.3808139534883721,0
7130-CTCUS,0.8892307692307693,0.11076923076923077,0
6356-ELRKD,0.1206896551724138,0.8793103448275862,1
9555-SAHUZ,0.8892307692307693,0.11076923076923077,0
9796-MVYXX,0.8892307692307693,0.11076923076923077,0
0743-HRVFF,0.9837662337662337,0.016233766233766232,0
3566-CAAYU,0.9837662337662337,0.016233766233766232,0
5570-PTWEH,0.36363636363636365,0.6363636363636364,1
7233-DRTRF,0.8709677419354839,0.12903225806451613,0
5176-LDKUH,0.6191860465116279,0.3808139534883721,0
7247-XOZPB,0.9837662337662337,0.016233766233766232,0
7605-BDWDC,0.8892307692307693,0.11076923076923077,0
8313-AFGBW,0.9837662337662337,0.016233766233766232,0
3186-BAXNB,0.1206896551724138,0.8793103448275862,1
0137-OCGAB,0.1206896551724138,0.8793103448275862,1
3374-LXDEV,0.36363636363636365,0.6363636363636364,1
7013-PSXHK,0.8892307692307693,0.11076923076923077,0
0096-FCPUF,0.8892307692307693,0.11076923076923077,0
6614-FHDBO,0.8709677419354839,0.12903225806451613,0
3446-QDSZF,0.5906432748538012,0.4093567251461988,0
1038-RQOST,0.8892307692307693,0.11076923076923077,0
2408-PSJVE,0.8892307692307693,0.11076923076923077,0
0363-QJVFX,0.6191860465116279,0.3808139534883721,0
8722-PRFDV,0.9837662337662337,0.016233766233766232,0
5057-LCOUI,0.8892307692307693,0.11076923076923077,0
5173-WXOQV,0.5906432748538012,0.4093567251461988,0
0842-IWYCP,0.9837662337662337,0.016233766233766232,0
7508-DQAKK,0.9837662337662337,0.016233766233766232,0
9073-ZZIAY,0.9837662337662337,0.016233766233766232,0
2192-OZITF,0.8892307692307693,0.11076923076923077,0
3597-YASZG,0.8709677419354839,0.12903225806451613,0
6653-CBBOM,0.1206896551724138,0.8793103448275862,1
6551-VLJMV,0.8892307692307693,0.11076923076923077,0
8091-TTVAX,0.8709677419354839,0.12903225806451613,0
2001-EWBQU,0.8709677419354839,0.12903225806451613,0
2050-ONYDQ,0.9837662337662337,0.016233766233766232,0
1716-LSAMB,0.8892307692307693,0.11076923076923077,0
7396-VJUZB,0.5906432748538012,0.4093567251461988,0
0458-HEUZG,0.8807339449541285,0.11926605504587157,0
3956-MGXOG,0.6191860465116279,0.3808139534883721,0
1320-REHCS,0.6191860465116279,0.3808139534883721,0
2589-AYCRP,0.9837662337662337,0.016233766233766232,0
5524-KHNJP,0.8892307692307693,0.11076923076923077,0
9392-XBGTD,0.8892307692307693,0.11076923076923077,0
6994-ORCWG,0.8892307692307693,0.11076923076923077,0
8456-QDAVC,0.6191860465116279,0.3808139534883721,0
6087-MVHJH,0.6191860465116279,0.3808139534883721,0
6418-PIQSP,0.9837662337662337,0.016233766233766232,0
5307-UVGNB,0.9837662337662337,0.016233766233766232,0
5804-HYIEZ,0.8709677419354839,0.12903225806451613,0
6685-GBWJZ,0.9837662337662337,0.016233766233766232,0
0428-AXXLJ,0.8892307692307693,0.11076923076923077,0
7181-OQCUT,0.6191860465116279,0.3808139534883721,0
8681-ICONS,0.8892307692307693,0.11076923076923077,0
9026-LHEVG,0.8807339449541285,0.11926605504587157,0
1635-NZATJ,0.9837662337662337,0.016233766233766232,0
6198-RTPMF,0.6191860465116279,0.3808139534883721,0
7054-ENNGU,0.8807339449541285,0.11926605504587157,0
6608-QQLVK,0.5906432748538012,0.4093567251461988,0
9290-SHCMB,0.36363636363636365,0.6363636363636364,1
1222-KJNZD,0.8892307692307693,0.11076923076923077,0
5485-WUYWF,0.5906432748538012,0.4093567251461988,0
4957-SREEC,0.9837662337662337,0.016233766233766232,0
9600-NAXZN,0.6191860465116279,0.3808139534883721,0
4274-DRSQT,0.8709677419354839,0.12903225806451613,0
7797-EJMDP,0.8807339449541285,0.11926605504587157,0
7100-FQPRV,0.8892307692307693,0.11076923076923077,0
8263-OKETD,0.8892307692307693,0.11076923076923077,0
6546-OPBBH,0.9837662337662337,0.016233766233766232,0
1644-IRKSF,0.6191860465116279,0.3808139534883721,0
4633-MKHYU,0.36363636363636365,0.6363636363636364,1
6586-PSJOX,0.8892307692307693,0.11076923076923077,0
1583-IHQZE,0.36363636363636365,0.6363636363636364,1
7876-DNYAP,0.9837662337662337,0.016233766233766232,0
8040-MNRTF,0.1206896551724138,0.8793103448275862,1
7020-OZKXZ,0.36363636363636365,0.6363636363636364,1
2592-YKDIF,0.5906432748538012,0.4093567251461988,0
2774-LVQUS,0.6191860465116279,0.3808139534883721,0
1169-SAOCL,0.6191860465116279,0.3808139534883721,0
3146-JTQHR,0.8807339449541285,0.11926605504587157,0
2300-RQGOI,0.8892307692307693,0.11076923076923077,0
6024-RUGGH,0.9837662337662337,0.016233766233766232,0
5138-WVKYJ,0.36363636363636365,0.6363636363636364,1
6397-JNZZG,0.8892307692307693,0.11076923076923077,0
5935-FCCNB,0.6191860465116279,0.3808139534883721,0
3990-QYKBE,0.6191860465116279,0.3808139534883721,0
4785-FCIFB,0.9837662337662337,0.016233766233766232,0
2580-ATZSQ,0.9837662337662337,0.016233766233766232,0
9231-ZJYAM,0.36363636363636365,0.6363636363636364,1
3714-NTNFO,0.6191860465116279,0.3808139534883721,0
2886-KEFUM,0.8709677419354839,0.12903225806451613,0
2235-ZGKPT,0.5906432748538012,0.4093567251461988,0
2208-NKVVH,0.8892307692307693,0.11076923076923077,0
7663-ZTEGJ,0.6191860465116279,0.3808139534883721,0
8245-UMPYT,0.6191860465116279,0.3808139534883721,0
8593-WHYHV,0.36363636363636365,0.6363636363636364,1
9578-FOMUK,0.8892307692307693,0.11076923076923077,0
8595-SIZNC,0.8892307692307693,0.11076923076923077,0
2632-TACXW,0.9837662337662337,0.016233766233766232,0
3769-MHZNV,0.8892307692307693,0.11076923076923077,0
7481-ATQQS,0.6191860465116279,0.3808139534883721,0
3768-VHXQO,0.9837662337662337,0.016233766233766232,0
4983-CCWMC,0.36363636363636365,0.6363636363636364,1
9819-FBNSV,0.6191860465116279,0.3808139534883721,0
5016-LIPDW,0.9837662337662337,0.016233766233766232,0
2674-MLXMN,0.8709677419354839,0.12903225806451613,0
9375-MHRRS,0.8807339449541285,0.11926605504587157,0
9837-BMCLM,0.36363636363636365,0.6363636363636364,1
8083-YTZES,0.36363636363636365,0.6363636363636364,1
7089-RKVSZ,0.8807339449541285,0.11926605504587157,0
4518-FZBSX,0.8892307692307693,0.11076923076923077,0
3665-JATSN,0.8892307692307693,0.11076923076923077,0
0968-GSIKN,0.1206896551724138,0.8793103448275862,1
2049-BAFNW,0.5906432748538012,0.4093567251461988,0
3719-TDVQB,0.9837662337662337,0.016233766233766232,0
3704-IEAXF,0.9837662337662337,0.016233766233766232,0
7191-ADRGF,0.8892307692307693,0.11076923076923077,0
8109-YUOHE,0.8892307692307693,0.11076923076923077,0
6030-REHUX,0.6191860465116279,0.3808139534883721,0
3038-PQIUY,0.8892307692307693,0.11076923076923077,0
7108-DGVUU,0.8892307692307693,0.11076923076923077,0
8204-YJCLA,0.9837662337662337,0.016233766233766232,0
5777-ZPQNC,0.8807339449541285,0.11926605504587157,0
1304-NECVQ,0.36363636363636365,0.6363636363636364,1
0247-SLUJI,0.5906432748538012,0.4093567251461988,0
1589-AGTLK,0.5906432748538012,0.4093567251461988,0
8204-TIFGJ,0.8892307692307693,0.11076923076923077,0
3005-NFMTA,0.6191860465116279,0.3808139534883721,0
2636-ALXXZ,0.1206896551724138,0.8793103448275862,1
1910-FMXJM,0.6191860465116279,0.3808139534883721,0
1431-AIDJQ,0.8892307692307693,0.11076923076923077,0
3422-LYEPQ,0.1206896551724138,0.8793103448275862,1
1089-XZWHH,0.8892307692307693,0.11076923076923077,0
9351-HXDMR,0.8709677419354839,0.12903225806451613,0
5370-IIVVL,0.6191860465116279,0.3808139534883721,0
3585-ISXZP,0.36363636363636365,0.6363636363636364,1
0639-TSIQW,0.8709677419354839,0.12903225806451613,0
3259-QMXUN,0.9837662337662337,0.016233766233766232,0
7000-WCEVQ,0.8892307692307693,0.11076923076923077,0
3746-EUBYR,0.1206896551724138,0.8793103448275862,1
6127-ISGTU,0.6191860465116279,0.3808139534883721,0
5896-NPFWW,0.5906432748538012,0.4093567251461988,0
4910-AQFFX,0.36363636363636365,0.6363636363636364,1
5115-SQAAU,0.9837662337662337,0.016233766233766232,0
9992-RRAMN,0.6191860465116279,0.3808139534883721,0
8118-TJAFG,0.36363636363636365,0.6363636363636364,1
1293-HHSHJ,0.8892307692307693,0.11076923076923077,0
5649-ANRML,0.36363636363636365,0.6363636363636364,1
9705-IOVQQ,0.8709677419354839,0.12903225806451613,0
8859-YSTWS,0.9837662337662337,0.016233766233766232,0
3858-VOBET,0.6191860465116279,0.3808139534883721,0
1792-UXAFY,0.6191860465116279,0.3808139534883721,0
4883-QICIH,0.6191860465116279,0.3808139534883721,0
0856-NAOES,0.8807339449541285,0.11926605504587157,0
6928-ONTRW,0.9837662337662337,0.016233766233766232,0
6050-FFXES,0.8709677419354839,0.12903225806451613,0
3401-URHDA,0.9837662337662337,0.016233766233766232,0
5052-PNLOS,0.36363636363636365,0.6363636363636364,1
4958-GZWIY,0.8807339449541285,0.11926605504587157,0
0979-MOZQI,0.9837662337662337,0.016233766233766232,0
4554-YGZIH,0.6191860465116279,0.3808139534883721,0
6142-VSJQO,0.5906432748538012,0.4093567251461988,0
6918-UMQCG,0.36363636363636365,0.6363636363636364,1
3779-OSWCF,0.9837662337662337,0.016233766233766232,0
5493-SDRDQ,0.5906432748538012,0.4093567251461988,0
6234-PFPXL,0.6191860465116279,0.3808139534883721,0
5863-OOKCL,0.8807339449541285,0.11926605504587157,0
3191-CSNMG,0.36363636363636365,0.6363636363636364,1
4747-LCAQL,0.8892307692307693,0.11076923076923077,0
5816-QVHRX,0.6191860465116279,0.3808139534883721,0
5285-MVEHD,0.8709677419354839,0.12903225806451613,0
7110-BDTWG,0.9837662337662337,0.016233766233766232,0
3308-MHOOC,0.5906432748538012,0.4093567251461988,0
9938-PRCVK,0.8892307692307693,0.11076923076923077,0
7504-UWHNB,0.6191860465116279,0.3808139534883721,0
6821-JPCDC,0.6191860465116279,0.3808139534883721,0
1790-NESIO,0.8807339449541285,0.11926605504587157,0
1635-FJFCC,0.5906432748538012,0.4093567251461988,0
7851-WZEKY,0.36363636363636365,0.6363636363636364,1
1482-OXZSY,0.6191860465116279,0.3808139534883721,0
3462-BJQQA,0.36363636363636365,0.6363636363636364,1
7993-NQLJE,0.6191860465116279,0.3808139534883721,0
2725-KXXWT,0.1206896551724138,0.8793103448275862,1
0723-FDLAY,0.8892307692307693,0.11076923076923077,0
2656-TABEH,0.36363636363636365,0.6363636363636364,1
0442-ZXKVS,0.6191860465116279,0.3808139534883721,0
8388-FYNPZ,0.5906432748538012,0.4093567251461988,0
9909-DFRJA,0.6191860465116279,0.3808139534883721,0
6778-JFCMK,0.8892307692307693,0.11076923076923077,0
8587-XYZSF,0.9837662337662337,0.016233766233766232,0
2685-SREOM,0.6191860465116279,0.3808139534883721,0
6625-IUTTT,0.9837662337662337,0.016233766233766232,0
9396-ZSFLL,0.8892307692307693,0.11076923076923077,0
4351-QLCSU,0.5906432748538012,0.4093567251461988,0
0967-BMLBD,0.8807339449541285,0.11926605504587157,0
4450-DLLMH,0.36363636363636365,0.6363636363636364,1
1960-UYCNN,0.36363636363636365,0.6363636363636364,1
1702-CCFNJ,0.9837662337662337,0.016233766233766232,0
2739-CACDQ,0.6191860465116279,0.3808139534883721,0
9809-IMGCQ,0.6191860465116279,0.3808139534883721,0
4795-UXVCJ,0.8892307692307693,0.11076923076923077,0
9633-DENPU,0.9837662337662337,0.016233766233766232,0
3349-ANQNH,0.8709677419354839,0.12903225806451613,0
0872-JCPIB,0.8892307692307693,0.11076923076923077,0
0831-JNISG,0.9837662337662337,0.016233766233766232,0
3161-GETRM,0.6191860465116279,0.3808139534883721,0
6289-CPNLD,0.8892307692307693,0.11076923076923077,0
8885-QSQBX,0.5906432748538012,0.4093567251461988,0
2817-NTQDO,0.8807339449541285,0.11926605504587157,0
5081-NWSUP,0.8807339449541285,0.11926605504587157,0
7601-DHFWZ,0.9837662337662337,0.016233766233766232,0
6017-PPLPX,0.6191860465116279,0.3808139534883721,0
7129-CAKJW,0.6191860465116279,0.3808139534883721,0
3606-TWKGI,0.36363636363636365,0.6363636363636364,1
9938-TKDGL,0.8709677419354839,0.12903225806451613,0
8118-LSUEL,0.6191860465116279,0.3808139534883721,0
0463-ZSDNT,0.8807339449541285,0.11926605504587157,0
7159-NOKYQ,0.8709677419354839,0.12903225806451613,0
5156-UMKOW,0.5906432748538012,0.4093567251461988,0
8606-OEGQZ,0.8892307692307693,0.11076923076923077,0
5997-OPVFA,0.9837662337662337,0.016233766233766232,0
6016-NXBNJ,0.8892307692307693,0.11076923076923077,0
7047-FWEYA,0.6191860465116279,0.3808139534883721,0
2773-OVBPK,0.8709677419354839,0.12903225806451613,0
2560-QTSBS,0.9837662337662337,0.016233766233766232,0
6128-CZOMY,0.5906432748538012,0.4093567251461988,0
7908-QCBCA,0.1206896551724138,0.8793103448275862,1
1465-LNTLJ,0.8807339449541285,0.11926605504587157,0
1493-AMTIE,0.5906432748538012,0.4093567251461988,0
9362-MWODR,0.8892307692307693,0.11076923076923077,0
2568-OIADY,0.6191860465116279,0.3808139534883721,0
4654-GGUII,0.8892307692307693,0.11076923076923077,0
0916-KNFAJ,0.9837662337662337,0.016233766233766232,0
0471-ARVMX,0.8709677419354839,0.12903225806451613,0
5168-MSWXT,0.36363636363636365,0.6363636363636364,1
5797-APWZC,0.1206896551724138,0.8793103448275862,1
8294-UIMBA,0.6191860465116279,0.3808139534883721,0
2674-MIAHT,0.36363636363636365,0.6363636363636364,1
5018-HEKFO,0.8807339449541285,0.11926605504587157,0
6620-JDYNW,0.8892307692307693,0.11076923076923077,0
5003-OKNNK,0.8892307692307693,0.11076923076923077,0
9764-REAFF,0.9837662337662337,0.016233766233766232,0
5619-XZZKR,0.5906432748538012,0.4093567251461988,0
0756-MPZRL,0.9837662337662337,0.016233766233766232,0
0212-ISBBF,0.8892307692307693,0.11076923076923077,0
3973-SKMLN,0.9837662337662337,0.016233766233766232,0
6023-GSSXW,0.9837662337662337,0.016233766233766232,0
7641-EUYET,0.6191860465116279,0.3808139534883721,0
6833-JMZYP,0.6191860465116279,0.3808139534883721,0
5510-BOIUJ,0.5906432748538012,0.4093567251461988,0
8929-KSWIH,0.6191860465116279,0.3808139534883721,0
0118-JPNOY,0.6191860465116279,0.3808139534883721,0
3850-OKINF,0.9837662337662337,0.016233766233766232,0
5858-EAFCZ,0.5906432748538012,0.4093567251461988,0
8597-CTXVJ,0.9837662337662337,0.016233766233766232,0
6067-NGCEU,0.8709677419354839,0.12903225806451613,0
6127-IYJOZ,0.5906432748538012,0.4093567251461988,0
8992-JQYUN,0.5906432748538012,0.4093567251461988,0
9244-ZVAPM,0.5906432748538012,0.4093567251461988,0
6341-AEVKX,0.8709677419354839,0.12903225806451613,0
4184-TJFAN,0.36363636363636365,0.6363636363636364,1
8540-ZQGEA,0.9837662337662337,0.016233766233766232,0
7774-OJSXI,0.6191860465116279,0.3808139534883721,0
9574-BOSMD,0.9837662337662337,0.016233766233766232,0
4043-MKDTV,0.8709677419354839,0.12903225806451613,0
6770-UAYGJ,0.9837662337662337,0.016233766233766232,0
9309-BZGNT,0.9837662337662337,0.016233766233766232,0
8626-XHBIE,0.9837662337662337,0.016233766233766232,0
7322-OCWHC,0.8709677419354839,0.12903225806451613,0
7503-MIOGA,0.9837662337662337,0.016233766233766232,0
0297-RBCSG,0.8892307692307693,0.11076923076923077,0
5536-SLHPM,0.6191860465116279,0.3808139534883721,0
5759-RCVCB,0.5906432748538012,0.4093567251461988,0
6734-GMPVK,0.36363636363636365,0.6363636363636364,1
1113-IUJYX,0.6191860465116279,0.3808139534883721,0
0447-BEMNG,0.9837662337662337,0.016233766233766232,0
0419-YAAPX,0.6191860465116279,0.3808139534883721,0
8064-RAVOH,0.5906432748538012,0.4093567251461988,0
5399-ZIMKF,0.36363636363636365,0.6363636363636364,1
5924-IFQTT,0.8807339449541285,0.11926605504587157,0
8016-NCFVO,0.6191860465116279,0.3808139534883721,0
4890-VMUAV,0.9837662337662337,0.016233766233766232,0
0432-CAJZV,0.36363636363636365,0.6363636363636364,1
0871-OPBXW,0.5906432748538012,0.4093567251461988,0
7394-FKDNK,0.36363636363636365,0.6363636363636364,1
4658-HCOHW,0.6191860465116279,0.3808139534883721,0
2434-EEVDB,0.8709677419354839,0.12903225806451613,0
0022-TCJCI,0.8892307692307693,0.11076923076923077,0
3077-RSNTJ,0.8807339449541285,0.11926605504587157,0
5204-QZXPU,0.8892307692307693,0.11076923076923077,0
9776-OJUZI,0.8709677419354839,0.12903225806451613,0
5919-VCZYM,0.5906432748538012,0.4093567251461988,0
7869-ZYDST,0.8892307692307693,0.11076923076923077,0
6061-PQHMK,0.8892307692307693,0.11076923076923077,0
2911-IJORQ,0.8892307692307693,0.11076923076923077,0
4957-TREIR,0.5906432748538012,0.4093567251461988,0
9279-CJEOJ,0.6191860465116279,0.3808139534883721,0
3253-HKOKL,0.6191860465116279,0.3808139534883721,0
5385-SUIRI,0.6191860465116279,0.3808139534883721,0
3177-LASXD,0.1206896551724138,0.8793103448275862,1
2905-KFQUV,0.36363636363636365,0.6363636363636364,1
8713-IGZSO,0.5906432748538012,0.4093567251461988,0
8263-QMNTJ,0.8709677419354839,0.12903225806451613,0
3243-ZHOHY,0.8892307692307693,0.11076923076923077,0
7632-YUTXB,0.8892307692307693,0.11076923076923077,0
0623-IIHUG,0.8892307692307693,0.11076923076923077,0
6461-PPAXN,0.8892307692307693,0.11076923076923077,0
6152-ONASV,0.9837662337662337,0.016233766233766232,0
6092-QZVPP,0.8892307692307693,0.11076923076923077,0
8161-QYMTT,0.36363636363636365,0.6363636363636364,1
4256-ZWTZI,0.5906432748538012,0.4093567251461988,0
4892-VLANZ,0.5906432748538012,0.4093567251461988,0
2990-OGYTD,0.9837662337662337,0.016233766233766232,0
6867-ACCZI,0.8892307692307693,0.11076923076923077,0
7410-OIEDU,0.36363636363636365,0.6363636363636364,1
1641-BYBTK,0.8807339449541285,0.11926605504587157,0
1456-TWCGB,0.5906432748538012,0.4093567251461988,0
1725-IQNIY,0.6191860465116279,0.3808139534883721,0
0455-XFASS,0.36363636363636365,0.6363636363636364,1
2165-VOEGB,0.6191860465116279,0.3808139534883721,0
1855-AGAWH,0.6191860465116279,0.3808139534883721,0
2266-FUBDZ,0.8892307692307693,0.11076923076923077,0
4815-GBTCD,0.5906432748538012,0.4093567251461988,0
6723-CEGQI,0.9837662337662337,0.016233766233766232,0
2274-XUATA,0.9837662337662337,0.016233766233766232,0
3227-WLKLI,0.9837662337662337,0.016233766233766232,0
3544-FBCAS,0.9837662337662337,0.016233766233766232,0
4291-SHSBH,0.36363636363636365,0.6363636363636364,1
2880-FPNAE,0.36363636363636365,0.6363636363636364,1
0327-WFZSY,0.6191860465116279,0.3808139534883721,0
1574-DYCWE,0.9837662337662337,0.016233766233766232,0
5357-TZHPP,0.36363636363636365,0.6363636363636364,1
7916-VCCPB,0.6191860465116279,0.3808139534883721,0
2100-BDNSN,0.5906432748538012,0.4093567251461988,0
8550-XSXUQ,0.9837662337662337,0.016233766233766232,0
5119-NZPTV,0.36363636363636365,0.6363636363636364,1
7969-AULMZ,0.6191860465116279,0.3808139534883721,0
4778-IZARL,0.8709677419354839,0.12903225806451613,0
7851-FLGGQ,0.5906432748538012,0.4093567251461988,0
2569-WGERO,0.9837662337662337,0.016233766233766232,0
0516-VRYBW,0.8892307692307693,0.11076923076923077,0
0013-EXCHZ,0.36363636363636365,0.6363636363636364,1
1013-QCWAM,0.8709677419354839,0.12903225806451613,0
2882-WDTBA,0.9837662337662337,0.016233766233766232,0
5451-YHYPW,0.8709677419354839,0.12903225806451613,0
5887-IKKYO,0.8709677419354839,0.12903225806451613,0
6993-OHLXR,0.36363636363636365,0.6363636363636364,1
2229-DPMBI,0.8807339449541285,0.11926605504587157,0
2472-OVKUP,0.36363636363636365,0.6363636363636364,1
0657-DOGUM,0.9837662337662337,0.016233766233766232,0
0727-BNRLG,0.8709677419354839,0.12903225806451613,0
1754-GKYPY,0.6191860465116279,0.3808139534883721,0
2027-CWDNU,0.6191860465116279,0.3808139534883721,0
0384-RVBPI,0.8892307692307693,0.11076923076923077,0
2929-ERCFZ,0.36363636363636365,0.6363636363636364,1
6481-OGDOO,0.8709677419354839,0.12903225806451613,0
5696-CEIQJ,0.8709677419354839,0.12903225806451613,0
4903-CNOZC,0.8892307692307693,0.11076923076923077,0
1779-PWPMG,0.8709677419354839,0.12903225806451613,0
0556-FJEGU,0.9837662337662337,0.016233766233766232,0
4636-OLWOE,0.9837662337662337,0.016233766233766232,0
1980-KXVPM,0.36363636363636365,0.6363636363636364,1
0807-ZABDG,0.5906432748538012,0.4093567251461988,0
5095-ETBRJ,0.9837662337662337,0.016233766233766232,0
4713-ZBURT,0.6191860465116279,0.3808139534883721,0
0665-XHDJU,0.8709677419354839,0.12903225806451613,0
4419-UJMUS,0.8709677419354839,0.12903225806451613,0
2792-VPPET,0.5906432748538012,0.4093567251461988,0
6260-XLACS,0.5906432748538012,0.4093567251461988,0
2254-DLXRI,0.1206896551724138,0.8793103448275862,1
1395-OFUWC,0.8892307692307693,0.11076923076923077,0
5318-YKDPV,0.8892307692307693,0.11076923076923077,0
6726-NNFWD,0.8709677419354839,0.12903225806451613,0
4177-JPDFU,0.8807339449541285,0.11926605504587157,0
7134-MJPDY,0.8709677419354839,0.12903225806451613,0
4332-MUOEZ,0.6191860465116279,0.3808139534883721,0
9921-QFQUL,0.6191860465116279,0.3808139534883721,0
6202-JVYEU,0.8807339449541285,0.11926605504587157,0
0621-HJWXJ,0.8709677419354839,0.12903225806451613,0
1573-LGXBA,0.8709677419354839,0.12903225806451613,0
0930-EHUZA,0.8892307692307693,0.11076923076923077,0
4587-NUKOX,0.36363636363636365,0.6363636363636364,1
6166-YIPFO,0.9837662337662337,0.016233766233766232,0
2405-LBMUW,0.9837662337662337,0.016233766233766232,0
2716-GFZOR,0.6191860465116279,0.3808139534883721,0
1839-FBNFR,0.8892307692307693,0.11076923076923077,0
7075-BNDVQ,0.5906432748538012,0.4093567251461988,0
2845-KDHVX,0.9837662337662337,0.016233766233766232,0
5922-ABDVO,0.6191860465116279,0.3808139534883721,0
2067-QYTCF,0.8709677419354839,0.12903225806451613,0
3272-VUHPV,0.8807339449541285,0.11926605504587157,0
5227-JSCFE,0.9837662337662337,0.016233766233766232,0
4080-OGPJL,0.8807339449541285,0.11926605504587157,0
8519-IMDHU,0.6191860465116279,0.3808139534883721,0
9018-PCIOK,0.9837662337662337,0.016233766233766232,0
7272-QDCKA,0.6191860465116279,0.3808139534883721,0
9140-CZQZZ,0.9837662337662337,0.016233766233766232,0
2321-OMBXY,0.8892307692307693,0.11076923076923077,0
7190-XHTWJ,0.8892307692307693,0.11076923076923077,0
7722-CVFXN,0.6191860465116279,0.3808139534883721,0
9253-QXKBE,0.6191860465116279,0.3808139534883721,0
3723-BFBGR,0.8892307692307693,0.11076923076923077,0
1090-ESELR,0.8709677419354839,0.12903225806451613,0
8212-CRQXP,0.6191860465116279,0.3808139534883721,0
8058-INTPH,0.1206896551724138,0.8793103448275862,1
9470-RTWDV,0.8892307692307693,0.11076923076923077,0
7297-DVYGA,0.9837662337662337,0.016233766233766232,0
9601-BRXPO,0.6191860465116279,0.3808139534883721,0
9700-ISPUP,0.8807339449541285,0.11926605504587157,0
5996-DAOQL,0.5906432748538012,0.4093567251461988,0
5429-LWCMV,0.36363636363636365,0.6363636363636364,1
6559-ILWKJ,0.9837662337662337,0.016233766233766232,0
7314-OXENN,0.36363636363636365,0.6363636363636364,1
1820-TQVEV,0.1206896551724138,0.8793103448275862,1
8065-BVEPF,0.8709677419354839,0.12903225806451613,0
6425-YQLLO,0.8709677419354839,0.12903225806451613,0
5440-FLBQG,0.8709677419354839,0.12903225806451613,0
2240-HSJQD,0.6191860465116279,0.3808139534883721,0
2162-FRZAA,0.9837662337662337,0.016233766233766232,0
7929-DMBCV,0.6191860465116279,0.3808139534883721,0
7820-ZYGNY,0.8709677419354839,0.12903225806451613,0
4795-WRNVT,0.8892307692307693,0.11076923076923077,0
7643-RCHXS,0.9837662337662337,0.016233766233766232,0
2026-TGDHM,0.36363636363636365,0.6363636363636364,1
1095-JUDTC,0.6191860465116279,0.3808139534883721,0
7520-HQWJU,0.9837662337662337,0.016233766233766232,0
9432-VOFYX,0.6191860465116279,0.3808139534883721,0
5543-QDCRY,0.5906432748538012,0.4093567251461988,0
5567-GZKQY,0.9837662337662337,0.016233766233766232,0
2371-JQHZZ,0.6191860465116279,0.3808139534883721,0
7856-GANIL,0.6191860465116279,0.3808139534883721,0
2369-FEVNO,0.5906432748538012,0.4093567251461988,0
4415-WNGVR,0.8807339449541285,0.11926605504587157,0
6741-QRLUP,0.9837662337662337,0.016233766233766232,0
8374-UULRV,0.9837662337662337,0.016233766233766232,0
5960-MVTUK,0.5906432748538012,0.4093567251461988,0
2806-MLNTI,0.6191860465116279,0.3808139534883721,0
8382-SHQEH,0.36363636363636365,0.6363636363636364,1
7610-TVOPG,0.8892307692307693,0.11076923076923077,0
1448-PWKYE,0.1206896551724138,0.8793103448275862,1
8849-AYPTR,0.6191860465116279,0.3808139534883721,0
3549-ZTMNH,0.8807339449541285,0.11926605504587157,0
1725-MIMXW,0.5906432748538012,0.4093567251461988,0
9365-SRSZE,0.6191860465116279,0.3808139534883721,0
3679-XASPY,0.5906432748538012,0.4093567251461988,0
9373-WSLOY,0.8892307692307693,0.11076923076923077,0
8775-ERLNB,0.1206896551724138,0.8793103448275862,1
8937-RDTHP,0.1206896551724138,0.8793103448275862,1
0254-WWRKD,0.9837662337662337,0.016233766233766232,0
1871-MOWRM,0.36363636363636365,0.6363636363636364,1
9734-YWGEX,0.36363636363636365,0.6363636363636364,1
9465-RWMXL,0.6191860465116279,0.3808139534883721,0
9053-JZFKV,0.8709677419354839,0.12903225806451613,0
9592-ERDKV,0.8892307692307693,0.11076923076923077,0
4024-CSNBY,0.8709677419354839,0.12903225806451613,0
1591-XWLGB,0.9837662337662337,0.016233766233766232,0
6762-NSODU,0.9837662337662337,0.016233766233766232,0
4378-MYPGO,0.8709677419354839,0.12903225806451613,0
4003-FUSHP,0.8892307692307693,0.11076923076923077,0
9972-NKTFD,0.8892307692307693,0.11076923076923077,0
6754-LZUKA,0.9837662337662337,0.016233766233766232,0
7615-ESMYF,0.5906432748538012,0.4093567251461988,0
6340-DACFT,0.9837662337662337,0.016233766233766232,0
2878-RMWXY,0.8709677419354839,0.12903225806451613,0
7041-TXQJH,0.8892307692307693,0.11076923076923077,0
2209-XADXF,0.5906432748538012,0.4093567251461988,0
6088-BXMRG,0.6191860465116279,0.3808139534883721,0
6022-UGGSO,0.6191860465116279,0.3808139534883721,0
0093-XWZFY,0.6191860465116279,0.3808139534883721,0
4685-TFLLS,0.8892307692307693,0.11076923076923077,0
7279-BUYWN,0.6191860465116279,0.3808139534883721,0
2038-LLMLM,0.6191860465116279,0.3808139534883721,0
2267-WTPYD,0.8709677419354839,0.12903225806451613,0
6839-ITVZJ,0.8892307692307693,0.11076923076923077,0
1306-RPWXZ,0.9837662337662337,0.016233766233766232,0
8033-VCZGH,0.6191860465116279,0.3808139534883721,0
2387-KDZQY,0.8892307692307693,0.11076923076923077,0
3113-IWHLC,0.5906432748538012,0.4093567251461988,0
4695-VADHF,0.8892307692307693,0.11076923076923077,0
1096-ADRUX,0.8709677419354839,0.12903225806451613,0
1202-KKGFU,0.8807339449541285,0.11926605504587157,0
8107-KNCIM,0.6191860465116279,0.3808139534883721,0
1925-GMVBW,0.5906432748538012,0.4093567251461988,0
7529-ZDFXI,0.8709677419354839,0.12903225806451613,0
0727-BMPLR,0.6191860465116279,0.3808139534883721,0
6465-GSRCL,0.8709677419354839,0.12903225806451613,0
7251-XFOIL,0.8709677419354839,0.12903225806451613,0
8966-KZXXA,0.8892307692307693,0.11076923076923077,0
8280-MQRQN,0.5906432748538012,0.4093567251461988,0
9874-QLCLH,0.6191860465116279,0.3808139534883721,0
6333-YDVLT,0.8709677419354839,0.12903225806451613,0
1436-ZMJAN,0.8807339449541285,0.11926605504587157,0
8224-IVVPA,0.8892307692307693,0.11076923076923077,0
4016-BJKTZ,0.6191860465116279,0.3808139534883721,0
4623-ZKHLY,0.8892307692307693,0.11076923076923077,0
8807-OPMBM,0.9837662337662337,0.016233766233766232,0
3522-CDKHF,0.6191860465116279,0.3808139534883721,0
5044-LRQAQ,0.36363636363636365,0.6363636363636364,1
9581-GVBXT,0.9837662337662337,0.016233766233766232,0
7854-EKTJL,0.5906432748538012,0.4093567251461988,0
4947-DSMXK,0.6191860465116279,0.3808139534883721,0
2578-JQPHZ,0.6191860465116279,0.3808139534883721,0
1527-SXDPN,0.6191860465116279,0.3808139534883721,0
8627-EHGIP,0.8892307692307693,0.11076923076923077,0
7813-ZGGAW,0.6191860465116279,0.3808139534883721,0
7825-GKXMW,0.5906432748538012,0.4093567251461988,0
1150-WFARN,0.8709677419354839,0.12903225806451613,0
0519-XUZJU,0.1206896551724138,0.8793103448275862,1
9095-HFAFX,0.36363636363636365,0.6363636363636364,1
0013-SMEOE,0.8709677419354839,0.12903225806451613,0
3090-HAWSU,0.8709677419354839,0.12903225806451613,0
3137-NYQQI,0.8892307692307693,0.11076923076923077,0
0281-CNTZX,0.9837662337662337,0.016233766233766232,0
7159-FVYPK,0.5906432748538012,0.4093567251461988,0
7277-OZCGZ,0.6191860465116279,0.3808139534883721,0
9127-FHJBZ,0.8709677419354839,0.12903225806451613,0
5397-NSKQG,0.9837662337662337,0.016233766233766232,0
9503-XJUME,0.9837662337662337,0.016233766233766232,0
1078-TDCRN,0.5906432748538012,0.4093567251461988,0
0895-LMRSF,0.8892307692307693,0.11076923076923077,0
1020-JPQOW,0.8709677419354839,0.12903225806451613,0
8957-THMOA,0.9837662337662337,0.016233766233766232,0
9885-MFVSU,0.8892307692307693,0.11076923076923077,0
6281-FKEWS,0.8892307692307693,0.11076923076923077,0
9467-ROOLM,0.8892307692307693,0.11076923076923077,0
3787-TRIAL,0.8892307692307693,0.11076923076923077,0
7563-BIUPC,0.36363636363636365,0.6363636363636364,1
0810-BDHAW,0.8892307692307693,0.11076923076923077,0
3707-LRWZD,0.6191860465116279,0.3808139534883721,0
9489-JMTTN,0.9837662337662337,0.016233766233766232,0
2668-TZSPS,0.5906432748538012,0.4093567251461988,0
7696-CFTAT,0.8892307692307693,0.11076923076923077,0
2725-TTRIQ,0.9837662337662337,0.016233766233766232,0
5680-LQOGP,0.9837662337662337,0.016233766233766232,0
9473-CBZOP,0.8892307692307693,0.11076923076923077,0
6040-CGACY,0.8892307692307693,0.11076923076923077,0
1389-CXMLU,0.36363636363636365,0.6363636363636364,1
6609-MXJHJ,0.8892307692307693,0.11076923076923077,0
6022-KOUQO,0.5906432748538012,0.4093567251461988,0
6661-HBGWL,0.6191860465116279,0.3808139534883721,0
5140-FOMCQ,0.8709677419354839,0.12903225806451613,0
9742-XOKTS,0.8709677419354839,0.12903225806451613,0
4686-GEFRM,0.8709677419354839,0.12903225806451613,0
0348-SDKOL,0.8709677419354839,0.12903225806451613,0
4250-FDVOU,0.8807339449541285,0.11926605504587157,0
7016-BPGEU,0.8892307692307693,0.11076923076923077,0
1084-MNSMJ,0.9837662337662337,0.016233766233766232,0
2070-XYMFH,0.6191860465116279,0.3808139534883721,0
8999-XXGNS,0.8709677419354839,0.12903225806451613,0
4445-KWOKW,0.8892307692307693,0.11076923076923077,0
4584-LBNMK,0.8892307692307693,0.11076923076923077,0
9715-SBVSU,0.8892307692307693,0.11076923076923077,0
6457-GIRWB,0.1206896551724138,0.8793103448275862,1
0133-BMFZO,0.36363636363636365,0.6363636363636364,1
5787-KXGIY,0.9837662337662337,0.016233766233766232,0
0295-PPHDO,0.1206896551724138,0.8793103448275862,1
4698-KVLLG,0.9837662337662337,0.016233766233766232,0
3308-DGHKL,0.9837662337662337,0.016233766233766232,0
3292-PBZEJ,0.36363636363636365,0.6363636363636364,1
6358-LYNGM,0.1206896551724138,0.8793103448275862,1
6681-ZSEXG,0.9837662337662337,0.016233766233766232,0
2080-GKCWQ,0.36363636363636365,0.6363636363636364,1
0626-QXNGV,0.9837662337662337,0.016233766233766232,0
3007-FDPEA,0.5906432748538012,0.4093567251461988,0
2982-IHMFT,0.1206896551724138,0.8793103448275862,1
6110-OHIHY,0.36363636363636365,0.6363636363636364,1
7083-MIOPC,0.9837662337662337,0.016233766233766232,0
3540-RZJYU,0.6191860465116279,0.3808139534883721,0
8250-ZNGGW,0.5906432748538012,0.4093567251461988,0
0206-TBWLC,0.6191860465116279,0.3808139534883721,0
6029-WTIPC,0.6191860465116279,0.3808139534883721,0
8628-MFKAX,0.8709677419354839,0.12903225806451613,0
6087-YPWHO,0.9837662337662337,0.016233766233766232,0
6583-QGCSI,0.6191860465116279,0.3808139534883721,0
1587-FKLZB,0.8709677419354839,0.12903225806451613,0
3995-WFCSM,0.5906432748538012,0.4093567251461988,0
3737-GCSPV,0.36363636363636365,0.6363636363636364,1
4712-AUQZO,0.8892307692307693,0.11076923076923077,0
4614-NUVZD,0.1206896551724138,0.8793103448275862,1
1818-ESQMW,0.6191860465116279,0.3808139534883721,0
9560-BBZXK,0.8892307692307693,0.11076923076923077,0
2303-PJYHN,0.5906432748538012,0.4093567251461988,0
2378-HTWFW,0.6191860465116279,0.3808139534883721,0
4121-AGSIN,0.9837662337662337,0.016233766233766232,0
5424-RLQLC,0.8807339449541285,0.11926605504587157,0
7995-ZHHNZ,0.8892307692307693,0.11076923076923077,0
1750-CSKKM,0.8807339449541285,0.11926605504587157,0
1730-VFMWO,0.8892307692307693,0.11076923076923077,0
1492-QGCLU,0.9837662337662337,0.016233766233766232,0
9274-UARKJ,0.6191860465116279,0.3808139534883721,0
2205-LPVGL,0.8709677419354839,0.12903225806451613,0
2908-WGAXL,0.9837662337662337,0.016233766233766232,0
9851-KIELU,0.36363636363636365,0.6363636363636364,1
6227-FBDXH,0.8709677419354839,0.12903225806451613,0
5438-QMDDL,0.8892307692307693,0.11076923076923077,0
6729-FZWSY,0.9837662337662337,0.016233766233766232,0
5371-VYLSX,0.6191860465116279,0.3808139534883721,0
8952-WCVCD,0.6191860465116279,0.3808139534883721,0
7009-PCARS,0.9837662337662337,0.016233766233766232,0
7460-ITWWP,0.6191860465116279,0.3808139534883721,0
0447-RXSGD,0.6191860465116279,0.3808139534883721,0
7145-FEJWU,0.36363636363636365,0.6363636363636364,1
2724-FJDYW,0.8892307692307693,0.11076923076923077,0
6645-MXQJT,0.36363636363636365,0.6363636363636364,1
5597-GLBUC,0.1206896551724138,0.8793103448275862,1
6814-ZPWFQ,0.9837662337662337,0.016233766233766232,0
0325-XBFAC,0.36363636363636365,0.6363636363636364,1
1265-BCFEO,0.9837662337662337,0.016233766233766232,0
6974-DAFLI,0.9837662337662337,0.016233766233766232,0
6300-BWMJX,0.8709677419354839,0.12903225806451613,0
5917-RYRMG,0.8892307692307693,0.11076923076923077,0
6259-WJQLC,0.6191860465116279,0.3808139534883721,0
6688-UZPWD,0.36363636363636365,0.6363636363636364,1
1474-JUWSM,0.9837662337662337,0.016233766233766232,0
0822-GAVAP,0.5906432748538012,0.4093567251461988,0
7931-PXHFC,0.8892307692307693,0.11076923076923077,0
5439-WIKXB,0.6191860465116279,0.3808139534883721,0
0520-FDVVT,0.6191860465116279,0.3808139534883721,0
1982-FEBTD,0.8892307692307693,0.11076923076923077,0
3115-JPJDD,0.8709677419354839,0.12903225806451613,0
5480-HPRRX,0.5906432748538012,0.4093567251461988,0
2212-LYASK,0.8892307692307693,0.11076923076923077,0
0584-BJQGZ,0.8892307692307693,0.11076923076923077,0
0362-ZBZWJ,0.6191860465116279,0.3808139534883721,0
9548-ZMVTX,0.8709677419354839,0.12903225806451613,0
1444-VVSGW,0.8709677419354839,0.12903225806451613,0
4310-KEDTB,0.8892307692307693,0.11076923076923077,0
9531-NSBMR,0.8892307692307693,0.11076923076923077,0
8219-VYBVI,0.8892307692307693,0.11076923076923077,0
3824-RHKVR,0.8892307692307693,0.11076923076923077,0
6568-POCUI,0.6191860465116279,0.3808139534883721,0
3566-VVORZ,0.8807339449541285,0.11926605504587157,0
5879-HMFFH,0.9837662337662337,0.016233766233766232,0
4092-OFQZS,0.8892307692307693,0.11076923076923077,0
5730-DBDSI,0.9837662337662337,0.016233766233766232,0
6648-INWPS,0.8892307692307693,0.11076923076923077,0
0533-BNWKF,0.6191860465116279,0.3808139534883721,0
0788-DXBFY,0.9837662337662337,0.016233766233766232,0
5701-SVCWR,0.5906432748538012,0.4093567251461988,0
7665-NKLAV,0.8892307692307693,0.11076923076923077,0
9492-TOKRI,0.6191860465116279,0.3808139534883721,0
3565-UNOCC,0.6191860465116279,0.3808139534883721,0
8756-RDDLT,0.9837662337662337,0.016233766233766232,0
7912-SYRQT,0.36363636363636365,0.6363636363636364,1
0613-WUXUM,0.9837662337662337,0.016233766233766232,0
3545-CNWRG,0.6191860465116279,0.3808139534883721,0
2930-UOTMB,0.8892307692307693,0.11076923076923077,0
1051-GEJLJ,0.5906432748538012,0.4093567251461988,0
2080-CAZNM,0.6191860465116279,0.3808139534883721,0
2292-XQWSV,0.8892307692307693,0.11076923076923077,0
5376-DEQCP,0.1206896551724138,0.8793103448275862,1
2455-USLMV,0.6191860465116279,0.3808139534883721,0
8042-JVNFH,0.1206896551724138,0.8793103448275862,1
9862-KJTYK,0.8892307692307693,0.11076923076923077,0
1335-HQMKX,0.8709677419354839,0.12903225806451613,0
6821-BUXUX,0.36363636363636365,0.6363636363636364,1
7402-EYFXX,0.6191860465116279,0.3808139534883721,0
5248-RPYWW,0.9837662337662337,0.016233766233766232,0
7594-LZNWR,0.6191860465116279,0.3808139534883721,0
5311-IHLEI,0.8807339449541285,0.11926605504587157,0
7235-NXZCP,0.36363636363636365,0.6363636363636364,1
2203-GHNWN,0.6191860465116279,0.3808139534883721,0
4625-XMOYM,0.9837662337662337,0.016233766233766232,0
3466-RITXD,0.6191860465116279,0.3808139534883721,0
7379-FNIUJ,0.36363636363636365,0.6363636363636364,1
3082-WQRVY,0.8892307692307693,0.11076923076923077,0
3841-NFECX,0.8709677419354839,0.12903225806451613,0
0042-RLHYP,0.9837662337662337,0.016233766233766232,0
1902-XBTFB,0.6191860465116279,0.3808139534883721,0
3088-FVYWK,0.9837662337662337,0.016233766233766232,0
4317-VTEOA,0.5906432748538012,0.4093567251461988,0
2294-SALNE,0.6191860465116279,0.3808139534883721,0
7340-KEFQE,0.9837662337662337,0.016233766233766232,0
9746-UGFAC,0.8892307692307693,0.11076923076923077,0
6345-ULYRW,0.6191860465116279,0.3808139534883721,0
0742-MOABM,0.5906432748538012,0.4093567251461988,0
0303-WMMRN,0.5906432748538012,0.4093567251461988,0
0603-OLQDC,0.8807339449541285,0.11926605504587157,0
2595-KIWPV,0.8892307692307693,0.11076923076923077,0
5902-WBLSE,0.9837662337662337,0.016233766233766232,0
5821-MMEIL,0.9837662337662337,0.016233766233766232,0
1024-VRZHF,0.36363636363636365,0.6363636363636364,1
5149-CUZUJ,0.6191860465116279,0.3808139534883721,0
9537-VHDTA,0.5906432748538012,0.4093567251461988,0
1429-UYJSV,0.8807339449541285,0.11926605504587157,0
5499-ECUTN,0.9837662337662337,0.016233766233766232,0
1427-VERSM,0.8709677419354839,0.12903225806451613,0
2333-KWEWW,0.8892307692307693,0.11076923076923077,0
9388-ZEYVT,0.8892307692307693,0.11076923076923077,0
5049-MUBWG,0.8892307692307693,0.11076923076923077,0
8873-TMKGR,0.8892307692307693,0.11076923076923077,0
1625-JAIIY,0.8709677419354839,0.12903225806451613,0
5397-TUPSH,0.8709677419354839,0.12903225806451613,0
3780-YVMFA,0.8807339449541285,0.11926605504587157,0
3722-WPXTK,0.1206896551724138,0.8793103448275862,1
1563-IWQEX,0.8807339449541285,0.11926605504587157,0
0475-RIJEP,0.6191860465116279,0.3808139534883721,0
4192-GORJT,0.36363636363636365,0.6363636363636364,1
0577-WHMEV,0.6191860465116279,0.3808139534883721,0
3571-DPYUH,0.8709677419354839,0.12903225806451613,0
5575-GNVDE,0.8892307692307693,0.11076923076923077,0
0902-RFHOF,0.8892307692307693,0.11076923076923077,0
8029-XYPWT,0.8709677419354839,0.12903225806451613,0
4929-ROART,0.8892307692307693,0.11076923076923077,0
0486-HECZI,0.6191860465116279,0.3808139534883721,0
6979-ZNSFF,0.36363636363636365,0.6363636363636364,1
2208-NQBCT,0.6191860465116279,0.3808139534883721,0
7771-CFQRQ,0.9837662337662337,0.016233766233766232,0
7531-GQHME,0.8807339449541285,0.11926605504587157,0
4813-HQMGZ,0.36363636363636365,0.6363636363636364,1
2103-ZRXFN,0.5906432748538012,0.4093567251461988,0
3391-JSQEW,0.8892307692307693,0.11076923076923077,0
8908-NMQTX,0.9837662337662337,0.016233766233766232,0
2894-QOJRX,0.8892307692307693,0.11076923076923077,0
2348-KCJLT,0.8892307692307693,0.11076923076923077,0
8258-GSTJK,0.36363636363636365,0.6363636363636364,1
8972-HJWNV,0.36363636363636365,0.6363636363636364,1
4616-ULAOA,0.8709677419354839,0.12903225806451613,0
7739-LAXOG,0.6191860465116279,0.3808139534883721,0
2391-IPLOP,0.9837662337662337,0.016233766233766232,0
8100-HZZLJ,0.8892307692307693,0.11076923076923077,0
4086-ATNFV,0.8892307692307693,0.11076923076923077,0
5154-VEKBL,0.8807339449541285,0.11926605504587157,0
6008-NAIXK,0.9837662337662337,0.016233766233766232,0
1352-VHKAJ,0.8892307692307693,0.11076923076923077,0
9399-APLBT,0.1206896551724138,0.8793103448275862,1
3999-WRNGR,0.9837662337662337,0.016233766233766232,0
3920-HIHMQ,0.8892307692307693,0.11076923076923077,0
4393-GEADV,0.8709677419354839,0.12903225806451613,0
1580-BMCMR,0.6191860465116279,0.3808139534883721,0
8734-FNWVH,0.8892307692307693,0.11076923076923077,0
8970-ANWXO,0.8892307692307693,0.11076923076923077,0
2824-MYYBN,0.6191860465116279,0.3808139534883721,0
8624-GIOUT,0.9837662337662337,0.016233766233766232,0
3214-IYUUQ,0.8709677419354839,0.12903225806451613,0
3842-QTGDL,0.6191860465116279,0.3808139534883721,0
2851-STERV,0.8892307692307693,0.11076923076923077,0
2791-SFVEW,0.8807339449541285,0.11926605504587157,0
4827-USJHP,0.8892307692307693,0.11076923076923077,0
1297-VQDRP,0.8709677419354839,0.12903225806451613,0
1685-BQULA,0.6191860465116279,0.3808139534883721,0
2357-COQEK,0.6191860465116279,0.3808139534883721,0
1679-JRFBR,0.8709677419354839,0.12903225806451613,0
9560-ARGQJ,0.6191860465116279,0.3808139534883721,0
2924-KHUVI,0.8709677419354839,0.12903225806451613,0
3230-WYKIR,0.8892307692307693,0.11076923076923077,0
3138-BKYAV,0.36363636363636365,0.6363636363636364,1
9822-WMWVG,0.6191860465116279,0.3808139534883721,0
0637-UBJRP,0.36363636363636365,0.6363636363636364,1
7873-CVMAW,0.9837662337662337,0.016233766233766232,0
4075-JFPGR,0.6191860465116279,0.3808139534883721,0
2077-MPJQO,0.36363636363636365,0.6363636363636364,1
1143-NMNQJ,0.36363636363636365,0.6363636363636364,1
4195-PNGZS,0.9837662337662337,0.016233766233766232,0
7028-DVOIQ,0.6191860465116279,0.3808139534883721,0
9661-JALZV,0.9837662337662337,0.016233766233766232,0
4187-CINZD,0.6191860465116279,0.3808139534883721,0
1173-NOEYG,0.6191860465116279,0.3808139534883721,0
9553-DLCLU,0.8807339449541285,0.11926605504587157,0
5198-HQAEN,0.6191860465116279,0.3808139534883721,0
4289-DTDKW,0.6191860465116279,0.3808139534883721,0
5208-FVQKB,0.9837662337662337,0.016233766233766232,0
1776-SPBWV,0.8892307692307693,0.11076923076923077,0
0924-BJCRC,0.8709677419354839,0.12903225806451613,0
5688-KZTSN,0.8892307692307693,0.11076923076923077,0
6402-SSEJG,0.8892307692307693,0.11076923076923077,0
5481-NTDOH,0.8709677419354839,0.12903225806451613,0
5223-UZAVK,0.8709677419354839,0.12903225806451613,0
8111-BKVDS,0.8807339449541285,0.11926605504587157,0
0306-JAELE,0.36363636363636365,0.6363636363636364,1
6615-ZGEDR,0.5906432748538012,0.4093567251461988,0
7175-NTIXE,0.8892307692307693,0.11076923076923077,0
7029-IJEJK,0.9837662337662337,0.016233766233766232,0
6941-PMGEP,0.36363636363636365,0.6363636363636364,1
9677-AVKED,0.9837662337662337,0.016233766233766232,0
0439-IFYUN,0.6191860465116279,0.3808139534883721,0
4134-BSXLX,0.8892307692307693,0.11076923076923077,0
4065-JJAVA,0.5906432748538012,0.4093567251461988,0
4967-WPNCF,0.9837662337662337,0.016233766233766232,0
1760-CAZHT,0.8892307692307693,0.11076923076923077,0
0743-HNPFG,0.9837662337662337,0.016233766233766232,0
0196-JTUQI,0.36363636363636365,0.6363636363636364,1
7853-OETYL,0.5906432748538012,0.4093567251461988,0
0603-TPMIB,0.9837662337662337,0.016233766233766232,0
1097-FSPVW,0.8892307692307693,0.11076923076923077,0
6506-EYCNH,0.8892307692307693,0.11076923076923077,0
0302-JOIVN,0.36363636363636365,0.6363636363636364,1
9259-PACGQ,0.8892307692307693,0.11076923076923077,0
6898-RBTLU,0.9837662337662337,0.016233766233766232,0
3251-YMVWZ,0.9837662337662337,0.016233766233766232,0
1187-WILMM,0.9837662337662337,0.016233766233766232,0
1579-KLYDT,0.36363636363636365,0.6363636363636364,1
7432-FFVAR,0.6191860465116279,0.3808139534883721,0
9402-ROUMJ,0.8709677419354839,0.12903225806451613,0
4971-PUYQO,0.6191860465116279,0.3808139534883721,0
9402-ORRAH,0.6191860465116279,0.3808139534883721,0
2616-UUTFK,0.8892307692307693,0.11076923076923077,0
1216-JWVUX,0.6191860465116279,0.3808139534883721,0
0907-HQNTS,0.8709677419354839,0.12903225806451613,0
5802-ADBRC,0.6191860465116279,0.3808139534883721,0
8513-OLYGY,0.8709677419354839,0.12903225806451613,0
3733-UOCWF,0.8709677419354839,0.12903225806451613,0
7321-PKUYW,0.36363636363636365,0.6363636363636364,1
5197-LQXXH,0.9837662337662337,0.016233766233766232,0
3552-CTCYF,0.8709677419354839,0.12903225806451613,0
0278-YXOOG,0.5906432748538012,0.4093567251461988,0
4526-RMTLL,0.8807339449541285,0.11926605504587157,0
6469-MRVET,0.5906432748538012,0.4093567251461988,0
8372-JUXUI,0.1206896551724138,0.8793103448275862,1
9828-QHFBK,0.8892307692307693,0.11076923076923077,0
4909-JOUPP,0.8709677419354839,0.12903225806451613,0
3173-NVMPX,0.8807339449541285,0.11926605504587157,0
1074-AMIOH,0.6191860465116279,0.3808139534883721,0
3014-WJKSM,0.6191860465116279,0.3808139534883721,0
1423-BMPBQ,0.5906432748538012,0.4093567251461988,0
2955-BJZHG,0.6191860465116279,0.3808139534883721,0
1764-VUUMT,0.9837662337662337,0.016233766233766232,0
3283-WCWXT,0.8807339449541285,0.11926605504587157,0
0484-FFVBJ,0.8892307692307693,0.11076923076923077,0
5324-KTGCG,0.9837662337662337,0.016233766233766232,0
3866-MDTUB,0.5906432748538012,0.4093567251461988,0
8292-TYSPY,0.8892307692307693,0.11076923076923077,0
3066-RRJIO,0.1206896551724138,0.8793103448275862,1
8582-KRHPJ,0.9837662337662337,0.016233766233766232,0
2717-HVIZY,0.8807339449541285,0.11926605504587157,0
8963-MQVYN,0.8892307692307693,0.11076923076923077,0
3845-JHAMY,0.8892307692307693,0.11076923076923077,0
9552-TGUZV,0.36363636363636365,0.6363636363636364,1
3199-XGZCY,0.36363636363636365,0.6363636363636364,1
7750-EYXWZ,0.8807339449541285,0.11926605504587157,0
4311-QTTAI,0.8892307692307693,0.11076923076923077,0
0921-OHLVP,0.6191860465116279,0.3808139534883721,0
0013-MHZWF,0.8807339449541285,0.11926605504587157,0
4745-LSPLO,0.5906432748538012,0.4093567251461988,0
8773-HHUOZ,0.8892307692307693,0.11076923076923077,0
9209-NWPGU,0.8892307692307693,0.11076923076923077,0
0207-MDKNV,0.6191860465116279,0.3808139534883721,0
5550-VFRLC,0.1206896551724138,0.8793103448275862,1
1475-VWVDO,0.36363636363636365,0.6363636363636364,1
4844-JJWUY,0.1206896551724138,0.8793103448275862,1
8199-ZLLSA,0.8709677419354839,0.12903225806451613,0
8318-LCNBW,0.8892307692307693,0.11076923076923077,0
4282-YMKNA,0.36363636363636365,0.6363636363636364,1
4676-MQUEA,0.6191860465116279,0.3808139534883721,0
1135-LMECX,0.5906432748538012,0.4093567251461988,0
3612-YVGSJ,0.9837662337662337,0.016233766233766232,0
6097-EQISJ,0.8709677419354839,0.12903225806451613,0
8128-YVJRG,0.36363636363636365,0.6363636363636364,1
8942-DBMHZ,0.8807339449541285,0.11926605504587157,0
6479-SZPLM,0.8892307692307693,0.11076923076923077,0
7395-XWZOY,0.8892307692307693,0.11076923076923077,0
3877-JRJIP,0.5906432748538012,0.4093567251461988,0
7470-DYNOE,0.9837662337662337,0.016233766233766232,0
0238-WHBIQ,0.9837662337662337,0.016233766233766232,0
4418-LZMSV,0.8807339449541285,0.11926605504587157,0
0708-SJDIS,0.8892307692307693,0.11076923076923077,0
8164-OCKUJ,0.9837662337662337,0.016233766233766232,0
0404-AHASP,0.9837662337662337,0.016233766233766232,0
5609-CEBID,0.6191860465116279,0.3808139534883721,0
4236-UJPWO,0.5906432748538012,0.4093567251461988,0
8200-KLNYW,0.8892307692307693,0.11076923076923077,0
0032-PGELS,0.5906432748538012,0.4093567251461988,0
2378-VTKDH,0.8709677419354839,0.12903225806451613,0
2884-GBPFB,0.6191860465116279,0.3808139534883721,0
2072-ZVJJX,0.9837662337662337,0.016233766233766232,0
4056-QHXHZ,0.8709677419354839,0.12903225806451613,0
6439-LAJXL,0.8807339449541285,0.11926605504587157,0
0804-YGEQV,0.8892307692307693,0.11076923076923077,0
0895-LNKRC,0.8807339449541285,0.11926605504587157,0
7839-QRKXN,0.5906432748538012,0.4093567251461988,0
1162-ECVII,0.8709677419354839,0.12903225806451613,0
5649-VUKMC,0.36363636363636365,0.6363636363636364,1
0397-ZXWQF,0.9837662337662337,0.016233766233766232,0
3154-HMWUU,0.9837662337662337,0.016233766233766232,0
0093-EXYQL,0.6191860465116279,0.3808139534883721,0
0774-RMNUW,0.9837662337662337,0.016233766233766232,0
5229-PRWKT,0.36363636363636365,0.6363636363636364,1
3148-BLQJT,0.5906432748538012,0.4093567251461988,0
3244-CQPHU,0.8709677419354839,0.12903225806451613,0
5520-FVEWJ,0.36363636363636365,0.6363636363636364,1
6543-XRMYR,0.6191860465116279,0.3808139534883721,0
2874-YXVVA,0.6191860465116279,0.3808139534883721,0
1004-NOZNR,0.8709677419354839,0.12903225806451613,0
2277-VWCNI,0.5906432748538012,0.4093567251461988,0
9470-YFUYI,0.9837662337662337,0.016233766233766232,0
6250-CGGUN,0.6191860465116279,0.3808139534883721,0
7228-PAQPD,0.8892307692307693,0.11076923076923077,0
1794-HBQTJ,0.5906432748538012,0.4093567251461988,0
1942-OQFRW,0.5906432748538012,0.4093567251461988,0
3348-CFRNX,0.6191860465116279,0.3808139534883721,0
7706-YLMQA,0.9837662337662337,0.016233766233766232,0
0886-QGENL,0.6191860465116279,0.3808139534883721,0
1951-IEYXM,0.9837662337662337,0.016233766233766232,0
2023-VQFDL,0.8892307692307693,0.11076923076923077,0
4359-INNWN,0.8892307692307693,0.11076923076923077,0
5327-XOKKY,0.9837662337662337,0.016233766233766232,0
1307-TVUFB,0.6191860465116279,0.3808139534883721,0
1963-SVUCV,0.5906432748538012,0.4093567251461988,0
6813-GZQCG,0.8892307692307693,0.11076923076923077,0
2984-AFWNC,0.36363636363636365,0.6363636363636364,1
1334-PDUKM,0.8709677419354839,0.12903225806451613,0
4701-MLJPN,0.8892307692307693,0.11076923076923077,0
0716-BQNDX,0.8709677419354839,0.12903225806451613,0
2144-ESWKO,0.8892307692307693,0.11076923076923077,0
7975-TZMLR,0.6191860465116279,0.3808139534883721,0
5859-HZYLF,0.8892307692307693,0.11076923076923077,0
2672-TGEFF,0.6191860465116279,0.3808139534883721,0
2004-OCQXK,0.1206896551724138,0.8793103448275862,1
9786-YWNHU,0.9837662337662337,0.016233766233766232,0
5396-IZEPB,0.8807339449541285,0.11926605504587157,0
1848-LBZHY,0.8807339449541285,0.11926605504587157,0
9696-RMYBA,0.36363636363636365,0.6363636363636364,1
3318-ISQFQ,0.8892307692307693,0.11076923076923077,0
8915-NNTRC,0.8709677419354839,0.12903225806451613,0
7921-LMDFQ,0.6191860465116279,0.3808139534883721,0
9137-NOQKA,0.5906432748538012,0.4093567251461988,0
8445-DNBAE,0.5906432748538012,0.4093567251461988,0
8317-BVKSO,0.8892307692307693,0.11076923076923077,0
7036-TYDEC,0.8709677419354839,0.12903225806451613,0
0369-ZGOVK,0.6191860465116279,0.3808139534883721,0
0356-ERHVT,0.8807339449541285,0.11926605504587157,0
0674-DGMAQ,0.6191860465116279,0.3808139534883721,0
2267-FPIMA,0.6191860465116279,0.3808139534883721,0
7766-CLTIC,0.8807339449541285,0.11926605504587157,0
2043-WVTQJ,0.5906432748538012,0.4093567251461988,0
1269-FOYWN,0.8892307692307693,0.11076923076923077,0
5989-AXPUC,0.8709677419354839,0.12903225806451613,0
1184-PJVDB,0.36363636363636365,0.6363636363636364,1
9091-WTUUY,0.9837662337662337,0.016233766233766232,0
8884-ADFVN,0.36363636363636365,0.6363636363636364,1
6538-POCHL,0.6191860465116279,0.3808139534883721,0
1302-UHBDD,0.6191860465116279,0.3808139534883721,0
2612-PHGOX,0.9837662337662337,0.016233766233766232,0
4816-JBHOV,0.5906432748538012,0.4093567251461988,0
2863-IMQDR,0.9837662337662337,0.016233766233766232,0
2270-CHBFN,0.6191860465116279,0.3808139534883721,0
2080-SRCDE,0.5906432748538012,0.4093567251461988,0
3604-WLABM,0.8807339449541285,0.11926605504587157,0
8205-OTCHB,0.8892307692307693,0.11076923076923077,0
5622-UEJFI,0.8892307692307693,0.11076923076923077,0
1564-NTYXF,0.36363636363636365,0.6363636363636364,1
9643-AVVWI,0.36363636363636365,0.6363636363636364,1
5780-INQIK,0.8807339449541285,0.11926605504587157,0
7845-URHJN,0.8807339449541285,0.11926605504587157,0
5799-JRCZO,0.9837662337662337,0.016233766233766232,0
0336-KXKFK,0.9837662337662337,0.016233766233766232,0
2737-YNGYW,0.36363636363636365,0.6363636363636364,1
4671-LXRDQ,0.5906432748538012,0.4093567251461988,0
4538-WNTMJ,0.9837662337662337,0.016233766233766232,0
3170-GWYKC,0.8709677419354839,0.12903225806451613,0
7771-ZONAT,0.8892307692307693,0.11076923076923077,0
3546-GHEAE,0.8807339449541285,0.11926605504587157,0
9799-CAYJJ,0.36363636363636365,0.6363636363636364,1
9795-SHUHB,0.9837662337662337,0.016233766233766232,0
6635-CPNUN,0.6191860465116279,0.3808139534883721,0
5701-ZIKJE,0.8807339449541285,0.11926605504587157,0
6464-KEXXH,0.8807339449541285,0.11926605504587157,0
9972-EWRJS,0.9837662337662337,0.016233766233766232,0
8608-OZTLB,0.8892307692307693,0.11076923076923077,0
1508-DFXCU,0.36363636363636365,0.6363636363636364,1
8777-PVYGU,0.9837662337662337,0.016233766233766232,0
1455-HFBXA,0.6191860465116279,0.3808139534883721,0
1915-OAKWD,0.8892307692307693,0.11076923076923077,0
4115-BNPJY,0.8892307692307693,0.11076923076923077,0
7395-IGJOS,0.6191860465116279,0.3808139534883721,0
5778-BVOFB,0.8807339449541285,0.11926605504587157,0
1731-TVIUK,0.36363636363636365,0.6363636363636364,1
2972-YDYUW,0.8709677419354839,0.12903225806451613,0
0945-TSONX,0.9837662337662337,0.016233766233766232,0
6229-LSCKB,0.36363636363636365,0.6363636363636364,1
0848-ZGQIJ,0.6191860465116279,0.3808139534883721,0
0668-OGMHD,0.8892307692307693,0.11076923076923077,0
1699-TLDLZ,0.8892307692307693,0.11076923076923077,0
9722-UJOJR,0.6191860465116279,0.3808139534883721,0
4318-RAJVY,0.8807339449541285,0.11926605504587157,0
3649-JPUGY,0.9837662337662337,0.016233766233766232,0
6100-FJZDG,0.8892307692307693,0.11076923076923077,0
6350-XFYGW,0.36363636363636365,0.6363636363636364,1
2400-XIWIO,0.9837662337662337,0.016233766233766232,0
4439-YRNVD,0.8807339449541285,0.11926605504587157,0
6917-YACBP,0.8709677419354839,0.12903225806451613,0
7963-GQRMY,0.5906432748538012,0.4093567251461988,0
7601-GNDYK,0.8892307692307693,0.11076923076923077,0
8436-BJUMM,0.6191860465116279,0.3808139534883721,0
9924-JPRMC,0.8709677419354839,0.12903225806451613,0
1735-XMJVH,0.8807339449541285,0.11926605504587157,0
7658-UYUQS,0.6191860465116279,0.3808139534883721,0
9795-NREXC,0.9837662337662337,0.016233766233766232,0
9793-WECQC,0.6191860465116279,0.3808139534883721,0
2946-KIQSP,0.8892307692307693,0.11076923076923077,0
8229-MYEJZ,0.8807339449541285,0.11926605504587157,0
6171-ZTVYB,0.8892307692307693,0.11076923076923077,0
0374-FIUCA,0.9837662337662337,0.016233766233766232,0
7409-KIUTL,0.1206896551724138,0.8793103448275862,1
2252-ISRNH,0.36363636363636365,0.6363636363636364,1
0674-GCDXG,0.9837662337662337,0.016233766233766232,0
0722-SVSFK,0.36363636363636365,0.6363636363636364,1
5317-FLPJF,0.9837662337662337,0.016233766233766232,0
9026-RNUJS,0.5906432748538012,0.4093567251461988,0
6283-GITPX,0.9837662337662337,0.016233766233766232,0
9931-KGHOA,0.9837662337662337,0.016233766233766232,0
9087-EYCPR,0.9837662337662337,0.016233766233766232,0
0897-FEGMU,0.36363636363636365,0.6363636363636364,1
6258-PVZWJ,0.9837662337662337,0.016233766233766232,0
3217-FZDMN,0.36363636363636365,0.6363636363636364,1
4188-PCPIG,0.9837662337662337,0.016233766233766232,0
8591-NXRCV,0.8892307692307693,0.11076923076923077,0
3174-RKMOW,0.6191860465116279,0.3808139534883721,0
0380-NEAVX,0.6191860465116279,0.3808139534883721,0
1169-WCVAK,0.6191860465116279,0.3808139534883721,0
8552-OBVRU,0.6191860465116279,0.3808139534883721,0
4869-EPIUS,0.8709677419354839,0.12903225806451613,0
2018-PZKMU,0.36363636363636365,0.6363636363636364,1
3842-IYKUE,0.6191860465116279,0.3808139534883721,0
6265-SXWBU,0.8709677419354839,0.12903225806451613,0
5044-XDPYX,0.9837662337662337,0.016233766233766232,0
7244-QWYHG,0.9837662337662337,0.016233766233766232,0
3976-NLDEZ,0.5906432748538012,0.4093567251461988,0
4958-XCBDQ,0.6191860465116279,0.3808139534883721,0
1125-SNVCK,0.9837662337662337,0.016233766233766232,0
4198-VFOEA,0.8807339449541285,0.11926605504587157,0
3750-RNQKR,0.8807339449541285,0.11926605504587157,0
9692-TUSXH,0.6191860465116279,0.3808139534883721,0
6888-SBYAI,0.5906432748538012,0.4093567251461988,0
6365-MTGZX,0.6191860465116279,0.3808139534883721,0
5614-DNZCE,0.9837662337662337,0.016233766233766232,0
8490-BXHEO,0.6191860465116279,0.3808139534883721,0
9644-KVCNC,0.8709677419354839,0.12903225806451613,0
3295-YVUSR,0.36363636363636365,0.6363636363636364,1
3764-MNMOI,0.9837662337662337,0.016233766233766232,0
9774-NRNAU,0.8892307692307693,0.11076923076923077,0
7399-QHBJS,0.9837662337662337,0.016233766233766232,0
8007-YYPWD,0.8892307692307693,0.11076923076923077,0
9444-JTXHZ,0.1206896551724138,0.8793103448275862,1
0318-QUUOB,0.1206896551724138,0.8793103448275862,1
1866-ZSLJM,0.8892307692307693,0.11076923076923077,0
6252-DFGTK,0.8892307692307693,0.11076923076923077,0
1178-PZGAB,0.8892307692307693,0.11076923076923077,0
2565-JSLRY,0.5906432748538012,0.4093567251461988,0
5766-XQXMQ,0.8892307692307693,0.11076923076923077,0
7632-MNYOY,0.8709677419354839,0.12903225806451613,0
6614-VBEGU,0.8892307692307693,0.11076923076923077,0
7691-XVTZH,0.8709677419354839,0.12903225806451613,0
2430-USGXP,0.6191860465116279,0.3808139534883721,0
3373-DIUUN,0.8892307692307693,0.11076923076923077,0
6999-CHVCF,0.8709677419354839,0.12903225806451613,0
0820-FNRNX,0.8892307692307693,0.11076923076923077,0
8565-CLBZW,0.6191860465116279,0.3808139534883721,0
8660-BUETV,0.5906432748538012,0.4093567251461988,0
2400-FEQME,0.9837662337662337,0.016233766233766232,0
9803-FTJCG,0.9837662337662337,0.016233766233766232,0
3190-ITQXP,0.9837662337662337,0.016233766233766232,0
9975-GPKZU,0.9837662337662337,0.016233766233766232,0
3926-YZVVX,0.8892307692307693,0.11076923076923077,0
7634-HLQJR,0.9837662337662337,0.016233766233766232,0
3486-HOOGQ,0.9837662337662337,0.016233766233766232,0
8980-WQFWL,0.8892307692307693,0.11076923076923077,0
3126-WQMGH,0.9837662337662337,0.016233766233766232,0
4475-NVTLU,0.8892307692307693,0.11076923076923077,0
9639-BUJXT,0.9837662337662337,0.016233766233766232,0
7517-LDMPS,0.36363636363636365,0.6363636363636364,1
2623-DRYAM,0.8709677419354839,0.12903225806451613,0
3752-CQSJI,0.8807339449541285,0.11926605504587157,0
9281-OFDMF,0.6191860465116279,0.3808139534883721,0
4374-YMUSQ,0.6191860465116279,0.3808139534883721,0
6258-NGCNG,0.8807339449541285,0.11926605504587157,0
6424-ELEYH,0.36363636363636365,0.6363636363636364,1
8225-BTJAU,0.36363636363636365,0.6363636363636364,1
9842-EFSYY,0.5906432748538012,0.4093567251461988,0
9661-MHUMO,0.5906432748538012,0.4093567251461988,0
8167-GJLRN,0.5906432748538012,0.4093567251461988,0
2746-DIJLO,0.8892307692307693,0.11076923076923077,0
3677-TNKIO,0.6191860465116279,0.3808139534883721,0
5150-LJNSR,0.6191860465116279,0.3808139534883721,0
2474-LCNUE,0.8892307692307693,0.11076923076923077,0
8696-JKZNU,0.6191860465116279,0.3808139534883721,0
9294-TDIPC,0.5906432748538012,0.4093567251461988,0
1777-JYQPJ,0.5906432748538012,0.4093567251461988,0
8910-ICHIU,0.6191860465116279,0.3808139534883721,0
0621-CXBKL,0.9837662337662337,0.016233766233766232,0
8380-PEFPE,0.1206896551724138,0.8793103448275862,1
8637-XJIVR,0.36363636363636365,0.6363636363636364,1
8717-VCTXJ,0.8892307692307693,0.11076923076923077,0
2770-NSVDG,0.8892307692307693,0.11076923076923077,0
7351-MHQVU,0.8807339449541285,0.11926605504587157,0
5656-MJEFC,0.8892307692307693,0.11076923076923077,0
7801-CEDNV,0.8892307692307693,0.11076923076923077,0
4659-NZRUF,0.6191860465116279,0.3808139534883721,0
8868-GAGIO,0.6191860465116279,0.3808139534883721,0
9974-JFBHQ,0.8709677419354839,0.12903225806451613,0
9185-TQCVP,0.6191860465116279,0.3808139534883721,0
1209-VFFOC,0.9837662337662337,0.016233766233766232,0
5762-TJXGK,0.9837662337662337,0.016233766233766232,0
5663-QBGIS,0.8709677419354839,0.12903225806451613,0
1334-FJSVR,0.5906432748538012,0.4093567251461988,0
2462-XIIJB,0.36363636363636365,0.6363636363636364,1
9330-IJWIO,0.36363636363636365,0.6363636363636364,1
2573-GYRUU,0.6191860465116279,0.3808139534883721,0
9448-REEVD,0.5906432748538012,0.4093567251461988,0
6583-SZVGP,0.6191860465116279,0.3808139534883721,0
6891-JPYFF,0.6191860465116279,0.3808139534883721,0
9191-MYQKX,0.36363636363636365,0.6363636363636364,1
7786-WBJYI,0.36363636363636365,0.6363636363636364,1
3569-EDBPQ,0.6191860465116279,0.3808139534883721,0
9469-WEJBT,0.6191860465116279,0.3808139534883721,0
8285-ABVLB,0.9837662337662337,0.016233766233766232,0
8329-GWVPJ,0.6191860465116279,0.3808139534883721,0
6967-QIQRV,0.6191860465116279,0.3808139534883721,0
4897-QSUYC,0.5906432748538012,0.4093567251461988,0
0567-GGCAC,0.8807339449541285,0.11926605504587157,0
9972-VAFJJ,0.6191860465116279,0.3808139534883721,0
9079-YEXQJ,0.6191860465116279,0.3808139534883721,0
2969-WGHQO,0.8807339449541285,0.11926605504587157,0
3720-DBRWL,0.9837662337662337,0.016233766233766232,0
4760-XOHVN,0.5906432748538012,0.4093567251461988,0
7548-SEPYI,0.36363636363636365,0.6363636363636364,1
9802-CAQUT,0.8709677419354839,0.12903225806451613,0
4636-JGAAI,0.6191860465116279,0.3808139534883721,0
3451-VAWLI,0.8892307692307693,0.11076923076923077,0
7254-IQWOZ,0.1206896551724138,0.8793103448275862,1
0104-PPXDV,0.9837662337662337,0.016233766233766232,0
4919-IKATY,0.36363636363636365,0.6363636363636364,1
5485-ITNPC,0.9837662337662337,0.016233766233766232,0
4536-PLEQY,0.36363636363636365,0.6363636363636364,1
2194-IIQOF,0.9837662337662337,0.016233766233766232,0
4716-HHKQH,0.6191860465116279,0.3808139534883721,0
7799-LGRDP,0.8892307692307693,0.11076923076923077,0
2840-XANRC,0.6191860465116279,0.3808139534883721,0
5698-BQJOH,0.36363636363636365,0.6363636363636364,1
5628-FCGYG,0.6191860465116279,0.3808139534883721,0
3982-XWFZQ,0.8892307692307693,0.11076923076923077,0
6036-TTFYU,0.8892307692307693,0.11076923076923077,0
0725-CXOTM,0.8892307692307693,0.11076923076923077,0
1891-FZYSA,0.8709677419354839,0.12903225806451613,0
3199-NPKCN,0.8709677419354839,0.12903225806451613,0
5226-NOZFC,0.6191860465116279,0.3808139534883721,0
5875-YPQFJ,0.1206896551724138,0.8793103448275862,1
5692-ICXLW,0.6191860465116279,0.3808139534883721,0
6072-NUQCB,0.8892307692307693,0.11076923076923077,0
8646-JCOMS,0.8709677419354839,0.12903225806451613,0
6549-NNDYT,0.8807339449541285,0.11926605504587157,0
0365-BZUWY,0.6191860465116279,0.3808139534883721,0
2927-QRRQV,0.6191860465116279,0.3808139534883721,0
7124-UGSUR,0.8709677419354839,0.12903225806451613,0
2575-GFSOE,0.36363636363636365,0.6363636363636364,1
1763-KUAAW,0.8892307692307693,0.11076923076923077,0
6559-PDZLR,0.6191860465116279,0.3808139534883721,0
2754-SDJRD,0.36363636363636365,0.6363636363636364,1
5393-HJZSM,0.8892307692307693,0.11076923076923077,0
8104-OSKWT,0.36363636363636365,0.6363636363636364,1
3067-SVMTC,0.9837662337662337,0.016233766233766232,0
6784-XYJAE,0.8892307692307693,0.11076923076923077,0
0732-OCQOC,0.9837662337662337,0.016233766233766232,0
3878-AVSOQ,0.1206896551724138,0.8793103448275862,1
8433-WXGNA,0.36363636363636365,0.6363636363636364,1
1073-XXCZD,0.9837662337662337,0.016233766233766232,0
3714-JTVOV,0.6191860465116279,0.3808139534883721,0
5832-TRLPB,0.8892307692307693,0.11076923076923077,0
6923-EFPNL,0.5906432748538012,0.4093567251461988,0
6473-ULUHT,0.8892307692307693,0.11076923076923077,0
8705-WZCYL,0.5906432748538012,0.4093567251461988,0
3671-SHRSP,0.36363636363636365,0.6363636363636364,1
